Annual_Income,Loan_Amount,Loan_Tenure,CIBIL_Score,DTI_Ratio,City_Tier,Intrest_Rate
89.8524864,21.75,5,761,0.2756,2,0.1849
70.3395,17.1825,5,750,0.1339,1,0.1727
10.44,1.827,3,728,0.035,2,0.1433
73.9499652,24.36,3,750,0.1962,1,0.1629
60.8999652,21.0975,5,772,0.2379,2,0.1223
31.32,4.698,3,832,0.0627,2,0.089
50.0250348,13.92,5,701,0.1127,1,0.2247
66.816,5.568,3,777,0.0958,1,0.0751
86.9999652,20.88,5,783,0.1554,2,0.1299
36.54,6.96,3,810,0,2,0.0762
53.9400348,7.83,3,750,0.1376,1,0.1016
109.62,11.31,5,848,0.0877,2,0.0999
26.5350348,8.7,3,717,0.1224,1,0.1422
53.37972,3.132,3,728,0.1641,1,0.1367
52.2,6.3945,5,788,0.2982,1,0.1074
48.7200348,14.79,5,788,0.1269,2,0.1199
47.8499652,16.37775,5,717,0.1922,2,0.21
21.7499652,3.654,3,695,0.1478,3,0.1727
35.6700348,4.35,3,706,0.1036,1,0.1154
52.0434,3.219,3,761,0.1017,2,0.0788
30.4500348,5.76375,3,701,0.3343,1,0.1777
52.2,13.05,3,744,0.1916,1,0.1212
130.5,25.38225,5,734,0.0883,1,0.21
43.5000348,5.22,3,734,0.0977,1,0.1189
47.84652,8.7,3,728,0.0559,1,0.1347
40.84128,19.14,5,744,0.2926,2,0.1465
41.76,15.66,5,701,0.1488,3,0.2489
52.2,10.44,3,755,0.1206,1,0.089
71.3399652,20.88,3,804,0.1422,3,0.0762
19.1399652,4.35,3,723,0.1108,1,0.1212
18.27,5.655,3,761,0.0857,1,0.1189
49.068,3.48,3,734,0.1398,2,0.1149
65.25,13.92,3,701,0.203,1,0.1682
32.26482,6.351,3,777,0.1178,1,0.0788
59.1600348,21.75,5,832,0.006,1,0.1558
62.64,16.878,5,695,0.093,2,0.2328
29.8584,10.11375,3,717,0.3112,3,0.158
45.675,8.7,3,734,0.1246,1,0.1212
100.0499652,20.88,3,799,0.0562,2,0.0654
80.91,2.61,3,723,0.017,1,0.1114
50.0250348,16.53,5,772,0.1379,1,0.1171
26.4132,2.175,3,706,0.2281,2,0.1531
52.2,10.44,3,750,0.1466,1,0.1212
38.2800348,15.0945,3,712,0.1852,3,0.1355
80.91,20.88,5,755,0.1077,2,0.1361
55.6799652,18.27,5,750,0.1127,1,0.1427
50.4599652,10.44,3,701,0.061,1,0.1311
27.144,4.35,3,772,0.0192,1,0.0863
21.7499652,4.35,3,821,0.0389,2,0.0932
46.98,17.4,5,783,0.2024,1,0.1199
78.3,10.44,5,712,0.1524,2,0.1689
29.5799652,6.96,3,706,0.2788,1,0.1727
23.0549652,1.653,3,766,0.2305,1,0.0729
142.6800348,20.271,5,695,0.3356,1,0.2383
73.9499652,7.308,3,674,0.1571,2,0.1545
36.54,6.96,3,712,0.21,1,0.1409
65.25,8.7,3,734,0.1958,1,0.1212
36.11196,1.392,3,706,0.1899,1,0.1311
34.7999652,6.264,3,712,0.2532,1,0.158
45.2399652,13.05,3,706,0.1334,1,0.1777
67.86,13.398,5,734,0.1517,2,0.1632
31.32,13.05,3,706,0.333,3,0.1727
34.7999652,10.44,3,799,0.0516,2,0.0988
107.01,18.27,5,734,0.1131,1,0.1875
160.9500348,5.22,3,755,0.0874,1,0.1
102.6599652,10.44,3,837,0.0481,1,0.0662
31.32,6.09,3,755,0.2123,1,0.0691
69.6000348,4.35,3,744,0.1593,1,0.089
91.2900744,8.7,3,717,0.1896,1,0.1311
31.32,4.35,3,728,0.0267,1,0.167
54.288,10.44,3,750,0.1792,1,0.0691
25.2300348,4.35,3,701,0.0526,2,0.1599
62.64,13.92,3,728,0.1992,1,0.1531
73.08,13.92,5,734,0.1926,2,0.1727
39.15,8.7,3,810,0.2424,1,0.0662
30.4500348,8.7,3,766,0.1831,1,0.0976
45.2399652,17.835,3,744,0.3095,1,0.1212
62.64,18.27,5,717,0.1387,1,0.1922
120.06,21.20625,3,734,0.1364,1,0.1399
34.99488,6.09,3,815,0.0889,2,0.074
68.2950348,17.4,3,777,0.149,2,0.089
69.6000348,15.66,3,723,0.1671,1,0.1016
95.7000348,4.35,3,772,0.1181,2,0.0963
36.9576,15.66,3,739,0.1034,2,0.1171
56.5500348,5.11125,3,761,0.1475,1,0.079
40.0199652,10.44,3,728,0.2696,1,0.1212
39.672,4.35,3,750,0.1121,1,0.1348
64.3800348,12.18,5,750,0.0837,2,0.1479
18.27,4.35,3,712,0.1737,1,0.1531
29.5799652,4.35,3,794,0.2315,2,0.0542
30.4500348,8.7,3,701,0.2184,2,0.1727
108.576,17.4,3,794,0.013,1,0.079
40.0199652,16.53,3,766,0.1643,1,0.0976
91.35,13.05,3,728,0.1551,1,0.1114
51.156,2.61,3,728,0.0922,1,0.1149
38.2800348,2.175,3,832,0.1759,2,0.0768
44.37,4.785,5,739,0.1795,3,0.1599
29.232,4.176,3,777,0.1171,1,0.0579
104.4,30.015,3,854,0.1646,1,0.0662
60.8999652,8.7,3,734,0.2016,1,0.1212
26.1,4.176,3,695,0.2044,3,0.1999
70.47,13.92,3,723,0.125,1,0.1385
104.4,13.05,3,799,0.039,2,0.0788
52.2,8.7,3,750,0.1498,1,0.0991
52.2,13.05,3,772,0.2154,1,0.079
52.2,6.09,3,728,0.1394,1,0.1036
134.8500348,18.2265,3,728,0.1571,1,0.158
121.8000348,11.31,3,794,0.0595,1,0.0662
26.9699652,6.525,3,832,0.2226,2,0.0542
46.98,13.05,3,712,0.3342,2,0.1433
83.01888,2.61,3,695,0.1579,2,0.1744
17.4000348,5.22,3,701,0.3276,2,0.1777
130.5,12.528,3,815,0.0671,1,0.0662
33.0600348,12.76725,3,761,0.174,1,0.079
31.32,4.35,3,761,0.2253,1,0.0849
47.8499652,20.88,3,750,0.1953,2,0.1269
78.3,20.88,5,701,0.1673,2,0.158
34.7999652,6.96,3,695,0.0283,1,0.1905
130.5,21.315,3,859,0.1342,1,0.1183
56.5500348,21.75,3,750,0.2788,3,0.1433
126.1499652,17.4,3,717,0.1079,1,0.089
76.2284952,21.75,3,706,0.1472,1,0.205
80.40888,30.45,3,706,0.1105,2,0.21
66.11652,3.132,3,728,0.0158,1,0.1287
78.3,20.88,3,706,0.2901,2,0.1212
47.8499652,13.05,5,772,0.1721,1,0.1465
58.2899652,9.744,5,695,0.063,1,0.2174
39.15,8.7,3,712,0.1795,2,0.1905
106.40448,26.1,3,750,0.0941,2,0.1777
29.48256,2.784,3,706,0.1477,1,0.1286
65.25,6.96,3,706,0.0448,1,0.1433
73.9499652,13.92,3,783,0.0223,1,0.079
27.8400348,6.09,3,706,0.1564,2,0.1531
58.2899652,2.61,3,744,0.2203,1,0.079
58.2899652,5.22,3,701,0.221,2,0.1596
71.3399652,12.528,3,739,0.059,1,0.1074
47.8499652,10.179,3,788,0.1213,2,0.0766
38.2800348,10.44,3,706,0.1737,2,0.1799
30.4500348,10.005,3,739,0.1047,2,0.1114
73.9499652,15.66,5,695,0.0905,2,0.2328
60.8999652,21.75,5,734,0.1461,1,0.1864
108.7500348,5.22,3,750,0.0668,1,0.079
84.825,4.35,3,712,0.1371,1,0.1839
63.684,7.395,3,788,0.1233,2,0.0603
77.4300348,8.7,3,777,0.1326,2,0.0762
60.8999652,14.355,5,755,0.0641,1,0.1223
45.2399652,14.3985,3,712,0.3256,2,0.1727
27.8400348,2.175,3,701,0.2095,1,0.1409
46.98,8.7,3,772,0.1704,3,0.0988
45.2399652,4.35,3,799,0.0953,2,0.0751
62.64,5.22,3,761,0.1205,1,0.1075
36.54,6.96,3,864,0.0451,2,0.0603
100.9200348,10.44,3,717,0.1751,2,0.1311
26.1,11.5275,3,783,0.2264,2,0.079
39.5850348,10.44,5,826,0.1698,1,0.1038
52.2,4.524,3,717,0.2318,1,0.1399
48.285,8.7,3,723,0.1872,2,0.1311
34.6694652,10.179,3,761,0.0563,1,0.079
46.98,5.22,3,804,0.0891,2,0.0714
39.15,17.4,5,739,0.1616,1,0.1599
26.29575,1.74,3,712,0.0199,1,0.1242
38.0520252,3.915,3,810,0.2146,1,0.0599
72.2100348,18.096,5,717,0.155,1,0.1922
55.6799652,7.395,3,744,0.0658,1,0.0976
46.94868,21.315,5,717,0.2302,2,0.1903
71.3399652,1.74,3,744,0.205,1,0.1112
65.25,12.528,5,772,0.1606,1,0.1269
46.98,4.176,3,706,0.1798,3,0.1242
30.4500348,7.24275,3,706,0.1522,1,0.1531
27.84348,5.742,3,783,0.0184,1,0.0907
20.88,6.7425,3,695,0.09,1,0.2049
27.8400348,5.22,3,706,0.225,3,0.1409
72.2100348,15.66,3,701,0.2018,1,0.1799
60.8999652,10.44,3,761,0.2606,1,0.1065
46.5449652,8.7,3,712,0.131,3,0.158
96.57,16.965,3,712,0.0293,1,0.205
25.7280228,6.09,3,701,0.1838,1,0.1727
35.6700348,6.351,3,772,0.2011,1,0.0662
52.461,23.5335,5,744,0.2759,1,0.1727
31.32,13.05,3,744,0.051,1,0.1385
50.45652,7.656,3,837,0.2073,1,0.0751
62.64,6.09,3,755,0.2072,2,0.079
120.06,30.45,5,728,0.2381,1,0.2198
26.1,7.395,3,728,0.174,2,0.158
65.89728,13.05,3,777,0.1687,1,0.1038
60.9348348,9.57,3,837,0.1204,2,0.0603
191.3999652,3.045,3,701,0.1314,3,0.1581
34.7999652,5.22,3,723,0.2121,1,0.1212
56.5500348,4.35,5,728,0.118,2,0.1629
46.98,18.444,3,712,0.3062,1,0.1849
78.3,30.45,3,734,0.1959,1,0.1531
16.2864,4.176,5,717,0.2769,1,0.1875
43.5000348,7.395,3,783,0.049,1,0.0662
15.4816848,2.3055,3,766,0.2111,3,0.0749
47.4150348,7.46025,3,712,0.3441,3,0.158
89.60652,4.35,3,706,0.1873,1,0.1422
34.7999652,11.484,3,717,0.0861,3,0.1531
27.8400348,9.3525,3,761,0.2614,2,0.1409
36.54,4.7415,3,706,0.2591,2,0.1311
95.7000348,8.7,3,695,0.0301,1,0.1311
91.35,6.525,3,712,0.0103,2,0.1317
24.3599652,2.088,3,744,0.1123,2,0.089
71.3399652,13.311,3,706,0.1131,2,0.1114
91.1759652,12.18,3,815,0.09,1,0.0603
39.15,15.07275,5,744,0.3024,1,0.1727
27.8400348,4.698,3,695,0.2003,1,0.1629
126.1499652,12.18,3,706,0.0967,1,0.1677
34.7999652,16.63875,5,728,0.1569,1,0.1825
62.64,15.66,3,788,0.223,2,0.1189
54.81,13.05,5,717,0.1669,1,0.1904
26.1,8.7,3,701,0.304,1,0.1777
53.9400348,16.59525,3,706,0.1523,1,0.1875
82.6500348,21.75,3,799,0.1042,1,0.1008
33.93,4.872,3,777,0.0834,1,0.0859
49.59,2.175,3,799,0.0699,2,0.0676
74.2327848,9.048,5,766,0.0893,1,0.1758
86.9999652,17.1825,3,739,0.0468,1,0.1629
56.5500348,13.05,3,744,0.207,1,0.1171
86.9999652,6.264,3,695,0.1621,2,0.1875
69.6000348,14.3115,3,723,0.1166,2,0.1531
38.9064348,8.7,5,734,0.2839,1,0.1905
29.5799652,9.85275,3,766,0.0861,1,0.1212
73.9499652,4.35,3,799,0.1059,1,0.0692
26.1,8.7435,3,728,0.1648,1,0.1433
191.3999652,12.81075,3,695,0.0214,2,0.1941
62.64,7.83,3,744,0.0398,2,0.1016
51.0690348,5.22,3,706,0.2005,2,0.1531
30.4500348,6.525,3,870,0.1179,2,0.079
117.0149652,20.88,3,766,0.2549,1,0.1433
78.3,17.4,3,755,0.0884,1,0.1149
39.4493148,14.5725,3,788,0.207,1,0.0788
114.84,3.76275,3,755,0.0179,1,0.1016
68.7299652,8.76525,5,739,0.238,3,0.1581
41.8469652,4.176,5,695,0.1484,1,0.1682
117.45,9.396,3,837,0.0682,1,0.08
146.16,30.45,5,755,0.0639,3,0.1799
34.7999652,7.83,3,783,0.1614,3,0.0662
31.32,7.308,3,794,0.087,1,0.0599
53.9400348,6.09,3,712,0.1249,1,0.1212
47.8499652,7.308,3,734,0.17,1,0.1367
60.8999652,10.44,3,766,0.1318,1,0.079
70.992,20.445,3,706,0.2037,1,0.1922
39.15,8.7,3,717,0.2771,1,0.1531
52.2,13.05,3,701,0.1067,1,0.1629
44.37,5.394,5,706,0.1061,1,0.1864
52.2,13.92,5,788,0.068,1,0.1343
57.20076,7.656,3,799,0.0489,1,0.0963
78.31044,17.4,3,744,0.1896,3,0.1197
34.7999652,8.7,3,739,0.0723,3,0.1311
87.8700348,17.4,3,783,0.1137,1,0.1075
11.31696,2.50125,3,701,0.1411,2,0.1849
18.27,4.785,5,695,0.1771,1,0.1867
30.4500348,3.48,3,794,0.1303,1,0.0603
34.7999652,13.92,3,728,0.0285,1,0.1409
65.25,24.20775,5,701,0.1286,1,0.2376
68.382,10.6575,5,695,0.2318,1,0.1903
69.6000348,14.616,3,712,0.0702,2,0.164
61.074,16.33425,3,755,0.2533,2,0.1016
66.9900348,6.96,3,712,0.1604,1,0.1533
52.2,4.35,3,706,0.17,1,0.1427
78.3,8.265,3,766,0.1443,3,0.0654
33.0600348,6.96,3,728,0.2498,1,0.1212
52.2,13.05,3,755,0.1242,1,0.1189
80.0400348,9.57,3,777,0.1235,1,0.0762
43.50348,7.83,3,706,0.0821,1,0.1411
28.2749652,10.44,3,744,0.1285,1,0.1149
26.96652,4.872,3,783,0.2474,1,0.0749
47.4150348,14.2245,3,772,0.2503,2,0.079
73.08,20.01,3,766,0.2081,2,0.1199
11.484,2.61,3,761,0.2182,2,0.0976
52.2,6.96,3,750,0.0293,1,0.089
45.5662152,15.66,5,766,0.0213,1,0.1399
73.9499652,5.22,3,794,0.0565,2,0.0603
34.7999652,6.09,3,728,0.0546,1,0.1433
17.4000348,5.22,3,712,0.1956,1,0.158
83.52,8.7,3,843,0.0169,1,0.0542
52.2,4.41525,3,837,0.201,1,0.0599
47.8499652,12.18,5,761,0.1401,3,0.1199
113.0999652,21.75,5,761,0.0891,2,0.1398
50.4599652,16.2255,3,695,0.2007,2,0.2049
128.7599652,30.45,3,739,0.2082,1,0.2049
139.19652,8.7,3,744,0.1115,1,0.1186
26.1,8.7,3,701,0.186,1,0.1531
52.2,5.394,3,783,0.191,2,0.0859
56.5500348,6.09,3,761,0.1469,3,0.089
31.32,13.05,3,772,0.0917,1,0.1461
24.795,6.59025,3,766,0.1099,1,0.0976
46.98,2.61,3,761,0.1342,1,0.0894
100.0499652,26.1,3,810,0.0221,1,0.1016
86.9999652,15.66,5,772,0.1489,2,0.1212
33.408,13.3545,5,772,0.2863,1,0.1349
26.1,8.7,3,723,0.0756,1,0.1311
73.08,24.29475,5,723,0.0394,1,0.2247
30.1019652,5.22,3,766,0.1075,2,0.079
73.9499652,6.264,3,826,0.1172,3,0.0692
47.84652,8.7,3,717,0.1652,2,0.1411
77.4300348,10.6575,3,695,0.238,1,0.1505
65.25,17.4,3,755,0.1943,2,0.1491
62.64,13.05,3,706,0.1824,1,0.1777
147.9000348,24.36,5,706,0.1307,2,0.2167
47.8499652,15.66,5,695,0.0192,1,0.2247
117.45,8.7,3,701,0.1337,2,0.1849
78.3,8.7,3,701,0.1097,1,0.1427
59.0243148,13.92,3,695,0.2388,2,0.1855
33.4949652,5.655,3,854,0.015,3,0.0751
50.4599652,24.90375,5,783,0.2131,1,0.1311
28.71,8.7,3,734,0.0869,1,0.1171
39.15,1.74,3,706,0.2051,1,0.1727
39.15,8.7,3,712,0.0848,2,0.1409
30.4500348,4.35,3,783,0.0843,2,0.0762
64.3800348,10.527,3,701,0.1116,1,0.1689
43.5000348,13.05,3,734,0.3312,1,0.1311
33.93,8.7,5,843,0.1582,2,0.1114
28.2749652,9.4395,3,695,0.339,1,0.1777
46.98,20.88,3,739,0.1624,1,0.1212
48.7200348,15.66,5,712,0.1604,2,0.1922
29.0579652,9.8745,3,712,0.2741,2,0.1409
60.8999652,23.055,3,788,0.1399,1,0.1311
30.4500348,4.3065,3,712,0.0895,1,0.1433
22.6200348,0.87,3,701,0.2945,1,0.1531
50.45652,7.83,3,755,0.0048,2,0.1183
29.92626,10.44,5,701,0.1294,2,0.2198
60.8999652,27.231,5,701,0.3406,2,0.2295
57.42,4.35,3,766,0.0775,1,0.079
100.0499652,18.27,5,734,0.3171,3,0.1875
62.64,6.09,3,728,0.0802,3,0.1777
50.4599652,15.63825,3,706,0.1855,1,0.1855
90.4800348,26.1,5,750,0.1712,1,0.21
80.649,1.305,3,734,0.1698,2,0.0963
15.35724,2.61,5,728,0,2,0.2211
50.4599652,7.308,5,804,0.2247,3,0.0925
52.2,7.395,3,717,0.1468,1,0.1683
28.71,14.355,5,821,0.1207,2,0.1171
41.76,16.53,5,734,0.174,2,0.1875
20.88,3.132,3,777,0.0935,1,0.0662
40.6638,3.15375,3,701,0.1132,1,0.1409
69.6000348,24.36,3,739,0.0899,2,0.1855
60.8999652,9.396,3,734,0.267,1,0.1212
41.76,5.22,3,717,0.2425,2,0.1409
27.8400348,4.176,3,728,0.0461,1,0.1311
43.5000348,10.44,5,826,0.2213,2,0.0579
28.188,5.22,5,734,0.2085,1,0.1361
78.3,8.7,3,717,0.1901,2,0.1311
34.7999652,10.44,3,804,0.1479,1,0.0788
52.2,16.5735,5,783,0.1108,1,0.1433
46.1100348,8.7,3,701,0.1309,1,0.1596
44.74062,8.7,3,750,0.1311,1,0.1016
38.628,13.6155,3,695,0.1386,2,0.2174
40.0199652,5.568,3,728,0.1923,2,0.1074
26.9699652,3.67575,3,794,0.1452,1,0.0603
84.3899652,18.27,5,717,0.1842,1,0.205
91.35,8.7,5,843,0.0405,2,0.1075
38.3991552,7.83,5,750,0.0574,1,0.1306
86.9999652,18.27,5,755,0.0616,2,0.1433
90.4800348,10.44,3,734,0.1533,1,0.1409
19.1399652,0.87,3,706,0.3071,2,0.1311
47.8499652,17.4,3,750,0.3491,1,0.1409
43.5000348,8.7,3,706,0.0955,1,0.1531
95.7000348,3.045,3,728,0.1443,2,0.1149
69.6000348,17.4,3,723,0.218,1,0.1849
43.5000348,15.66,3,706,0.2654,2,0.1311
49.59,15.834,3,761,0.0795,1,0.1016
60.8999652,8.874,3,744,0.1786,2,0.1242
41.76,3.48,5,848,0.0448,1,0.079
73.08,24.36,3,848,0.0581,1,0.079
60.8999652,4.176,3,706,0.1089,3,0.1875
89.6099652,6.96,3,706,0.2111,1,0.1799
30.4500348,13.05,3,815,0.0559,2,0.079
89.6099652,13.05,3,712,0.1134,2,0.1599
261,20.01,3,859,0.0651,1,0.0762
57.42,12.18,3,717,0.1678,1,0.1311
35.6700348,10.44,3,832,0.0255,2,0.0603
48.7200348,3.915,3,712,0.1659,1,0.1727
39.15,6.525,3,843,0.0717,3,0.08
52.2,21.75,3,821,0.1852,1,0.1311
56.6622648,13.92,5,739,0.1286,1,0.1558
36.54,4.35,3,734,0.092,1,0.1268
55.5321348,13.05,3,712,0.2104,1,0.1799
52.2,9.135,3,739,0.0542,1,0.1212
46.98,18.4875,3,706,0.2653,2,0.1875
26.1,6.19875,3,854,0.0796,1,0.0762
33.01389,12.18,3,772,0.2169,1,0.079
26.1,2.61,3,848,0.2116,1,0.0749
84.3899652,20.88,5,810,0.0808,2,0.0999
33.4949652,6.264,3,717,0.1861,1,0.1212
130.5,21.75,3,706,0.0833,1,0.2127
56.5500348,13.92,3,717,0.2062,1,0.1629
87.8700348,24.36,5,750,0.0436,2,0.2049
67.86,10.44,5,706,0.0072,3,0.1793
66.1199652,12.18,5,744,0.1952,1,0.1199
24.3599652,6.264,3,766,0.1213,1,0.079
113.0999652,18.096,3,750,0.1564,1,0.0662
30.4500348,8.2215,3,706,0.2451,1,0.1433
47.8499652,4.35,3,734,0.2828,2,0.0976
95.7000348,30.45,3,777,0.2046,2,0.089
162.6899652,30.45,5,804,0.1063,2,0.1349
40.0199652,5.22,3,706,0.1591,2,0.1531
59.1600348,21.75,5,788,0.0398,1,0.1531
78.3,30.45,5,788,0.0807,1,0.1171
71.775,2.24025,3,804,0.048,1,0.0676
33.408,11.31,3,755,0.1925,1,0.1074
66.1199652,3.654,3,701,0.1528,1,0.1461
52.2,10.44,5,739,0.2272,1,0.1268
20.88,4.35,3,728,0.2325,1,0.1099
56.5500348,10.44,3,695,0.2007,1,0.1727
37.4099652,4.1325,3,799,0.1833,1,0.1727
45.2399652,5.22,3,728,0.0494,2,0.1212
73.9499652,10.44,3,788,0.0473,1,0.0662
58.8990348,9.918,3,783,0.1427,1,0.089
86.8155948,5.22,3,772,0.0933,1,0.0762
43.5000348,10.44,3,750,0.3134,1,0.1212
67.60944,2.784,3,701,0.1672,1,0.1261
62.64,22.51125,5,755,0.1383,3,0.1849
49.4717148,10.701,3,788,0.2214,2,0.0788
25.056,5.4375,3,761,0.1804,1,0.1025
80.0400348,21.75,5,755,0.1008,1,0.1849
52.2,3.045,3,723,0.0714,1,0.1531
56.5500348,13.05,5,739,0.1465,1,0.1521
43.5000348,13.92,5,777,0.0778,1,0.1409
63.0750348,8.7,3,706,0.1998,3,0.1531
30.45348,5.22,3,777,0.1155,1,0.1189
65.25,4.176,3,734,0.0941,1,0.1221
80.04348,8.7,3,739,0.1045,1,0.1221
47.8499652,10.2225,3,739,0.103,2,0.1099
9.0480348,4.1325,3,695,0.03,2,0.1472
13.9199652,4.1325,3,701,0.2445,3,0.2247
69.6000348,19.14,3,701,0.1119,1,0.2198
81.7799652,17.4,3,804,0.1751,3,0.1025
45.2399652,11.33175,3,712,0.0775,3,0.1311
52.2,5.22,3,701,0.2136,1,0.1335
82.6500348,15.66,3,777,0.1075,1,0.0603
54.51768,14.181,3,712,0.2417,1,0.1491
43.5000348,7.308,3,717,0.1195,2,0.1427
51.3300348,17.4,3,772,0.1708,2,0.089
160.9500348,21.75,3,734,0.2459,1,0.1501
37.8928152,18.90075,5,712,0.2248,2,0.1922
28.188,3.915,3,728,0.3474,1,0.1114
68.7299652,19.3575,3,728,0.321,2,0.1409
33.408,4.35,3,739,0.1988,1,0.1099
47.8499652,6.96,3,701,0.0674,3,0.1311
33.0600348,2.088,3,712,0.0954,2,0.1037
70.47,30.45,3,712,0.2274,1,0.1727
52.2,10.44,3,755,0.1232,2,0.1
31.32,10.44,3,695,0.1277,1,0.133
52.2,17.4,3,728,0.1313,2,0.158
56.5500348,15.225,3,859,0.0797,1,0.079
30.4500348,8.7435,3,750,0.0607,1,0.1433
130.5,5.22,3,755,0.1716,1,0.089
73.9499652,1.914,3,755,0.1402,1,0.089
34.7999652,0.87,3,761,0.1707,1,0.079
30.8849652,13.92,5,810,0.099,2,0.1111
33.0600348,12.76725,3,750,0.2474,1,0.1311
30.4500348,8.7,3,761,0.2609,1,0.079
47.8499652,10.44,3,734,0.1704,1,0.1311
53.0699652,1.3485,3,717,0.1121,1,0.1212
83.52,20.88,5,744,0.2098,2,0.1114
43.5000348,5.568,3,717,0.1488,2,0.1171
30.4500348,4.35,3,712,0.1112,1,0.1433
34.7999652,3.915,3,712,0.1587,1,0.1171
47.8499652,10.44,3,695,0.1961,3,0.1905
24.3599652,4.698,3,854,0.0416,3,0.0603
41.76,9.657,3,755,0.2955,3,0.1114
137.025,23.99025,5,706,0.1061,1,0.1905
47.8499652,2.61,3,848,0.0033,2,0.102
117.45,19.4445,3,706,0.0366,1,0.1407
46.7712,8.7,3,706,0.0402,1,0.1527
74.7329652,8.7,3,739,0.1081,1,0.1253
104.4,14.79,3,821,0.0219,1,0.0894
58.22388,4.35,3,755,0.04,1,0.1186
26.1,8.7,3,717,0.2632,2,0.1777
56.5500348,17.4,5,712,0.2478,1,0.1972
65.25,4.35,3,712,0.2026,3,0.1212
56.5500348,16.1385,3,766,0.1693,1,0.079
121.80348,10.44,3,761,0.1615,2,0.0729
14.7900348,5.046,5,701,0.1186,1,0.2245
54.288,17.4,3,826,0.0365,2,0.1253
45.2399652,7.395,3,761,0.1367,1,0.0762
30.276,5.4375,3,772,0.2397,3,0.0749
33.0600348,3.654,5,695,0.288,1,0.2049
43.5000348,15.312,3,794,0.1658,2,0.089
86.9999652,8.7,3,755,0.2128,1,0.1287
53.9400348,6.264,5,706,0.1514,1,0.2049
18.27,5.22,3,744,0.0931,1,0.079
101.79,10.44,5,744,0.0955,2,0.1268
52.2,13.05,3,744,0.122,3,0.1186
67.86,27.0135,3,815,0.1882,1,0.079
105.4875348,20.88,5,712,0.3097,2,0.2247
86.9999652,13.746,3,788,0.2188,3,0.1114
69.6000348,8.7,3,772,0.128,1,0.079
204.44652,17.4,5,837,0.1251,1,0.0788
86.9999652,6.264,3,772,0.0797,1,0.0762
26.9699652,2.61,3,706,0.3221,3,0.1311
94.8299652,12.18,3,804,0.1306,1,0.0963
62.64,8.7,3,723,0.1502,3,0.1409
53.0699652,23.5335,5,728,0.1289,2,0.1905
60.8999652,2.80575,3,804,0.1779,1,0.0762
34.3650348,6.96,3,766,0.3456,1,0.1777
27.8400348,13.05,3,777,0.2224,1,0.079
30.4500348,6.7425,3,744,0.0651,3,0.1074
57.42,6.525,3,755,0.1002,3,0.089
73.9499652,5.22,3,804,0.1155,1,0.1496
48.7200348,12.18,5,734,0.1644,3,0.1751
66.9900348,17.4,5,706,0.2548,1,0.2198
42.0279948,5.22,3,701,0.0691,1,0.1727
126.1499652,10.44,3,761,0.0946,2,0.1099
31.6679652,8.4825,3,695,0.1055,1,0.2049
17.748,1.044,3,695,0.2412,2,0.1825
54.81,21.75,3,772,0.0743,1,0.1186
49.59,1.914,3,712,0.2884,1,0.1531
56.5500348,13.92,5,701,0.2706,1,0.2376
69.6000348,5.89425,3,723,0.102,2,0.1311
104.4,10.44,3,712,0.0933,1,0.158
182.7,17.4,3,777,0.0318,2,0.089
108.7500348,10.44,3,750,0.0724,1,0.1212
51.6249648,10.875,3,799,0.1482,1,0.0603
678.6,3.915,3,766,0.0058,2,0.0691
33.93,8.7,3,734,0.1881,1,0.1212
70.47,7.83,3,728,0.1945,1,0.1343
72.2100348,17.16075,3,799,0.0646,1,0.079
113.0999652,10.44,3,744,0.0311,1,0.1114
86.9999652,30.45,5,712,0.1595,2,0.2328
104.4,20.88,5,766,0.0062,1,0.1581
53.0699652,12.528,3,744,0.2854,2,0.1016
146.16,13.05,5,723,0.0753,1,0.1632
43.5000348,19.3575,5,701,0.2887,3,0.2149
53.0699652,26.16525,5,717,0.2154,2,0.2295
59.8585752,1.74,3,788,0.1835,1,0.0617
26.1,17.835,5,772,0.1076,1,0.1496
36.54,13.05,3,706,0.2245,3,0.1777
70.0149204,4.35,3,772,0.1689,1,0.0849
18.792,4.35,3,701,0.0533,2,0.1758
73.08,6.96,3,777,0.134,1,0.1099
71.33652,6.09,3,706,0.1139,2,0.1472
77.9537052,4.176,3,832,0.2017,3,0.0542
35.6700348,4.67625,3,761,0.2948,2,0.089
86.9999652,16.704,5,788,0.0345,1,0.1311
69.1128,4.80675,3,761,0.2103,1,0.1385
44.37,13.05,3,772,0.0916,3,0.0991
121.8000348,6.67725,3,679,0.1808,1,0.1513
53.9400348,23.99025,3,728,0.1963,1,0.1433
60.8999652,13.05,5,695,0.168,1,0.1974
31.4244,5.133,3,739,0.1419,1,0.1311
46.1100348,22.62,5,772,0.1177,2,0.1677
19.1399652,6.96,3,701,0.086,1,0.1727
127.4549652,6.09,3,723,0.1474,1,0.1531
34.7999652,11.7015,3,723,0.1293,1,0.1409
52.2,23.055,5,728,0.3036,2,0.2049
60.8999652,17.4,3,717,0.2359,2,0.1629
65.25,12.18,3,744,0.0325,1,0.1212
83.52,8.352,5,766,0.0358,2,0.1074
204.4499652,17.4,3,750,0.0916,1,0.1409
27.5790348,3.306,3,744,0.2336,2,0.1212
60.14484,13.05,5,832,0.1755,1,0.1075
33.0600348,8.7,3,777,0.0777,2,0.0749
38.2800348,13.92,3,712,0.2015,2,0.1465
68.03748,11.31,5,783,0.217,1,0.1099
69.6000348,13.92,5,728,0.1782,1,0.1905
60.03,23.99025,3,739,0.3347,1,0.1727
73.94652,6.96,3,734,0.171,2,0.1269
53.9400348,23.99025,3,695,0.193,2,0.1905
65.25,13.05,3,799,0.0323,1,0.0662
66.1199652,4.176,3,837,0.1023,1,0.0542
60.8999652,8.7,3,728,0.1299,1,0.1212
26.9699652,13.05,3,799,0.1316,1,0.1316
147.9000348,7.569,3,712,0.0502,1,0.1269
30.4500348,6.09,3,750,0.0765,1,0.079
28.61082,10.33125,3,826,0.208,1,0.0603
62.64,21.228,5,766,0.1598,1,0.1727
11.484,0.87,3,755,0.09,3,0.1074
77.8649652,18.27,5,695,0.2482,3,0.2376
52.2,13.92,5,826,0.1658,2,0.0963
120.9299652,6.96,5,739,0.1878,3,0.1268
43.5000348,2.61,3,794,0.055,2,0.0603
34.84872,14.5725,3,794,0.1025,1,0.0988
53.0699652,11.484,3,701,0.0907,1,0.1972
33.15744,0.87,3,712,0.2465,1,0.1531
33.0600348,4.35,3,717,0.0047,1,0.1103
56.5500348,25.38225,3,734,0.2068,1,0.1311
113.0999652,3.9585,3,717,0.1746,1,0.1357
27.8400348,5.28525,3,695,0.2025,1,0.1727
39.15,6.96,3,695,0.2099,1,0.1677
43.40952,6.09,3,810,0.1037,1,0.0775
31.32,3.219,3,728,0.322,1,0.158
62.64,0.87,3,755,0.1715,1,0.0788
60.8999652,5.22,3,723,0.1997,1,0.1311
23.49,1.479,3,794,0.052,2,0.0699
41.76,4.35,5,777,0.0928,1,0.1
152.2499652,17.4,3,755,0.1867,1,0.0603
46.1100348,6.96,3,761,0.2656,2,0.089
27.23796,2.784,5,706,0.079,1,0.1749
33.93,2.436,3,739,0.2032,1,0.1
45.2399652,8.352,3,804,0.0382,2,0.0662
38.106,6.09,3,723,0.1676,1,0.1311
107.01,10.44,3,761,0.1588,2,0.1183
65.25,14.79,3,843,0.0643,1,0.079
83.52,5.22,3,717,0.2389,1,0.1212
26.1,12.702,3,772,0.2951,1,0.0976
156.6,25.23,5,788,0.039,3,0.1065
43.50348,9.57,3,706,0.2093,1,0.1387
80.0400348,13.92,3,734,0.19,1,0.1531
69.6000348,10.44,5,772,0.1412,1,0.0962
73.9499652,8.7,3,821,0.0017,2,0.0774
104.4,21.42375,3,712,0.1281,1,0.1407
50.2172352,14.355,3,766,0.1744,1,0.1183
44.37,12.006,3,734,0.1711,1,0.1212
69.6000348,30.45,3,717,0.15,1,0.1531
46.98,3.48,5,706,0.1371,1,0.1682
46.98,18.2265,5,712,0.2756,1,0.2149
78.3,16.095,3,695,0.0524,1,0.1533
54.3749652,4.35,3,734,0.1841,1,0.1427
116.5800348,21.75,3,794,0.1221,2,0.1062
76.995,19.488,3,728,0.1608,1,0.1311
48.7200348,8.7,3,706,0.2501,1,0.1433
27.8400348,4.263,3,815,0.0664,2,0.0599
79.1699652,15.66,5,772,0.1916,2,0.1212
126.1499652,30.45,5,772,0.1279,3,0.1242
91.35,10.44,3,750,0.1941,1,0.1212
48.7200348,10.44,5,739,0.1841,1,0.1398
47.8499652,12.18,3,794,0.2018,1,0.0662
36.54,3.48,5,734,0.1326,1,0.138
121.8000348,4.872,3,701,0.2796,2,0.1114
52.2,10.701,3,750,0.1926,2,0.1531
168.4319652,30.45,5,766,0.0601,1,0.1749
95.7000348,17.4,5,777,0.2327,1,0.1114
26.1,7.656,5,783,0.0288,2,0.1311
73.9499652,13.92,3,761,0.1971,2,0.089
26.1,6.96,3,712,0.0812,2,0.2052
68.7299652,3.48,3,815,0.1513,1,0.0603
56.5500348,3.045,3,734,0.1782,1,0.1212
52.2,6.786,3,717,0.1556,1,0.1311
52.2,3.654,3,750,0.1252,1,0.1367
56.5500348,21.75,5,761,0.2023,1,0.1398
65.25,21.68475,5,777,0.248,2,0.1114
34.7999652,8.352,5,734,0.129,1,0.1727
65.71197,13.05,3,717,0.1492,1,0.1649
108.7500348,18.2265,5,701,0.1251,1,0.2295
30.4500348,7.656,5,723,0.1389,3,0.1825
55.332,10.875,5,734,0.1387,1,0.1596
55.6799652,18.27,3,821,0.0684,1,0.0762
195.75,30.45,3,777,0.0896,2,0.1065
160.9500348,13.05,3,717,0.0785,1,0.1527
88.74,8.0475,5,799,0.0341,1,0.1075
60.8999652,1.9575,3,717,0.1797,1,0.1036
28.68912,13.05,5,761,0.179,1,0.1527
31.32,6.96,3,826,0.049,1,0.0662
71.3399652,3.045,3,695,0.1441,1,0.1562
20.3058,4.611,3,804,0.0967,1,0.079
46.1100348,11.07075,3,761,0.2215,1,0.1114
20.15703,2.175,3,712,0.0378,2,0.1261
44.37,6.96,3,837,0.0024,3,0.0963
46.7015652,12.85425,5,712,0.2759,2,0.21
57.42,1.914,3,815,0.0816,1,0.079
95.6304,17.4,3,750,0.1568,1,0.1335
12.528,2.61,3,744,0.0425,2,0.1269
46.5449652,10.44,3,695,0.1516,3,0.1999
56.5500348,29.232,5,772,0.1508,1,0.1727
69.6000348,27.68775,5,794,0.0437,1,0.1409
34.7999652,3.48,3,712,0.2586,2,0.1433
73.9499652,17.4,3,794,0.1135,1,0.1025
43.5000348,10.875,3,826,0.1171,1,0.0932
29.4147,8.4825,3,706,0.2193,1,0.1727
88.74,26.1,5,734,0.1699,2,0.1531
43.5000348,17.052,5,788,0.2299,2,0.1242
65.25,21.03225,3,750,0.0766,1,0.1311
87.696,9.396,3,755,0.1532,1,0.1075
63.5099652,8.7,3,706,0.1381,1,0.1212
20.88,10.44,3,712,0.1705,1,0.1367
62.64,17.4,3,701,0.191,1,0.2149
40.455,7.83,3,706,0.0676,1,0.1379
26.1,4.35,3,739,0.108,1,0.1392
33.3558,10.44,3,734,0.1878,1,0.1171
95.265,14.5725,3,750,0.1816,1,0.079
95.7000348,25.23,3,810,0.1925,1,0.079
47.8499652,21.20625,3,750,0.2636,3,0.1409
43.7436,8.7,3,777,0.1377,3,0.0963
147.9000348,30.45,3,761,0.122,1,0.1465
13.572,1.044,3,750,0.0692,2,0.079
104.4,6.525,3,821,0.0772,1,0.0774
86.9999652,8.7,3,826,0.16,3,0.0603
83.1546,17.4,3,701,0.1374,2,0.1972
89.6099652,23.49,3,728,0.2232,2,0.1825
50.4599652,24.534,5,734,0.156,1,0.205
24.3599652,2.61,3,750,0.213,2,0.0999
82.6500348,11.31,3,734,0.1799,1,0.1409
55.24848,14.79,3,755,0.158,1,0.1218
28.2749652,5.829,3,744,0.2219,3,0.079
49.59,22.1415,5,701,0.3375,1,0.1972
17.748,3.48,3,706,0.0476,1,0.1496
36.54,7.83,5,799,0.1477,2,0.1016
34.7999652,11.136,5,761,0.2004,2,0.1149
27.8400348,13.92,5,744,0.1226,2,0.1758
41.76,12.76725,3,755,0.1495,1,0.089
65.5632,6.09,3,794,0.0726,1,0.0749
56.5500348,10.44,3,783,0.1331,1,0.0766
43.5000348,10.44,5,739,0.2018,1,0.1523
26.22528,6.5685,3,772,0.1461,2,0.0762
97.4399652,0.87,3,832,0.0559,2,0.0762
68.7299652,10.701,3,728,0.1001,1,0.1212
37.323,1.74,3,706,0.1029,1,0.1972
34.7999652,8.7,3,728,0.1884,2,0.1349
43.5000348,17.4,5,728,0.2589,1,0.158
47.8499652,9.135,3,701,0.1233,1,0.1777
26.1,12.89775,3,734,0.0955,1,0.1367
43.5000348,7.83,3,810,0.1385,1,0.0662
73.9499652,30.45,5,832,0.2399,3,0.1268
25.056,5.22,5,734,0.2429,1,0.1398
69.6000348,15.66,3,728,0.1556,3,0.1531
52.2,10.44,3,766,0.1246,2,0.089
87.8700348,13.92,3,734,0.123,1,0.079
96.57,27.84,5,739,0.1561,1,0.1727
44.37,6.96,3,706,0.0292,2,0.1629
282.7499652,24.36,3,772,0.0298,1,0.1242
117.45,24.36,3,772,0.1219,1,0.0762
54.81,13.92,5,723,0.1194,3,0.158
93.3075,17.50875,3,712,0.1108,1,0.1849
62.64,6.96,3,706,0.0198,1,0.1727
26.1,5.22,3,712,0.1408,1,0.1435
49.59,10.44,3,794,0.1899,1,0.0894
53.4180348,4.785,3,701,0.2038,2,0.1461
26.3001348,8.265,3,744,0.2406,2,0.1212
107.8799652,10.44,3,728,0.1192,1,0.1036
43.5000348,21.75,5,788,0.1997,2,0.1349
34.7999652,15.225,3,739,0.2364,1,0.1016
104.4,30.45,5,804,0.2274,1,0.1523
82.6500348,12.18,3,717,0.0937,2,0.1751
56.5500348,11.832,3,723,0.2094,1,0.1212
20.88,3.132,3,744,0.034,1,0.1287
22.7244348,5.22,3,723,0.21,2,0.158
56.5500348,8.7,3,739,0.2644,1,0.1409
82.6500348,17.4,5,706,0.1749,1,0.1991
73.9499652,26.1,5,701,0.1739,1,0.2333
106.1400348,24.36,5,717,0.1656,1,0.2198
36.6791652,1.74,3,717,0.2846,2,0.1409
35.6700348,4.089,3,804,0.1065,2,0.079
65.25,5.22,3,712,0.0773,2,0.1398
121.8000348,7.83,3,728,0.1005,1,0.1212
96.13152,17.4,3,777,0.1516,2,0.0691
67.86,3.654,3,717,0.1382,1,0.1306
82.6500348,6.0465,3,755,0.1251,1,0.1311
53.02215,13.05,3,701,0.2245,1,0.1825
73.9499652,10.44,3,723,0.1084,1,0.1212
62.64,21.75,3,734,0.1818,1,0.1649
33.0600348,6.09,3,712,0.1153,1,0.158
20.0100348,4.872,3,744,0.1654,1,0.079
73.9499652,4.176,3,717,0.1319,2,0.1159
32.4509652,4.35,3,744,0.2149,1,0.1253
33.0600348,5.67675,3,739,0.1011,2,0.1607
60.8999652,11.049,5,821,0.1947,1,0.079
32.8424652,12.18,5,755,0.102,1,0.1398
63.5099652,8.7,3,739,0.2015,3,0.1111
25.6649652,10.005,3,734,0.2416,1,0.1212
82.6500348,13.05,3,712,0.0729,2,0.1677
43.5000348,10.44,5,761,0.0679,1,0.1199
41.3249652,2.349,3,794,0.1981,2,0.0579
30.4500348,10.44,3,750,0.2801,1,0.1016
44.37,9.24375,3,701,0.1254,1,0.1427
52.2,11.31,3,712,0.3264,1,0.1409
52.2,5.22,3,744,0.2338,2,0.1062
53.766,13.05,3,772,0.1466,1,0.1059
21.7499652,6.96,3,734,0.1872,1,0.1749
32.88861,7.656,3,739,0.1673,2,0.1311
27.8400348,9.657,3,717,0.1203,1,0.1531
156.6,4.35,3,755,0.1193,2,0.0933
30.4500348,13.2675,5,728,0.2057,1,0.1649
52.2,8.7,3,734,0.3146,1,0.1212
46.1100348,5.22,3,761,0.1499,1,0.079
45.2399652,3.045,3,712,0.1087,1,0.1212
71.3399652,15.138,3,734,0.1247,2,0.1199
73.9499652,6.525,5,826,0.1496,1,0.0976
134.8500348,15.66,5,723,0.1398,3,0.1433
156.6,18.879,3,826,0.0543,1,0.079
34.7999652,1.54425,3,766,0.1977,2,0.0654
53.9400348,17.4,3,750,0.1534,1,0.1367
62.64,13.92,3,810,0.0648,1,0.0762
25.056,4.19775,3,744,0.1489,3,0.1016
56.5500348,4.35,3,843,0.0611,1,0.0603
147.9000348,30.45,3,695,0.1992,1,0.1629
29.5799652,4.1325,3,804,0.0056,1,0.089
58.84767,6.19875,3,712,0.1118,2,0.1849
18.27,3.48,3,706,0.076,1,0.1343
82.6500348,9.57,3,728,0.2242,2,0.1306
32.44752,6.96,3,728,0.1474,1,0.1433
33.408,4.35,3,750,0.0284,1,0.1114
53.244,6.264,3,804,0.17,1,0.0807
20.0100348,4.35,3,695,0.1028,1,0.1531
31.32,3.915,3,810,0.139,1,0.0751
57.42,15.051,5,723,0.0358,1,0.2245
18.792,0.87,3,772,0,1,0.1036
76.1250348,11.37525,5,755,0.2252,2,0.1199
75.7769652,17.4,3,772,0.1359,1,0.079
47.8499652,15.66,3,739,0.2234,1,0.1212
92.2199652,11.745,5,739,0.1259,2,0.1399
110.4899652,12.18,3,723,0.1493,1,0.1212
53.0099352,21.75,5,728,0.0959,2,0.205
58.2899652,8.7,3,712,0.1899,1,0.1531
15.66,4.1325,5,783,0.2348,2,0.1433
26.1,8.7,5,761,0.178,1,0.1349
37.75104,12.18,5,706,0.1352,1,0.1903
70.47,10.76625,3,837,0.1924,1,0.0603
24.3599652,4.93725,3,744,0.294,1,0.1114
104.4,30.45,5,695,0.0826,2,0.247
86.9999652,21.75,3,706,0.0952,1,0.21
413.2499652,30.45,3,744,0.1717,1,0.1629
47.8499652,16.704,3,755,0.2836,1,0.1212
46.1100348,10.44,3,810,0.1236,1,0.0662
45.3270348,6.09,3,734,0.1076,1,0.1016
35.67348,8.7,3,717,0.2189,1,0.1199
73.08,3.132,3,701,0.1072,1,0.1972
46.98,10.44,3,788,0.0836,1,0.0849
28.71,8.2215,3,739,0.3362,1,0.1212
59.1600348,7.83,3,723,0.1272,2,0.1103
47.8499652,8.7,3,712,0.1357,2,0.158
34.7999652,15.07275,3,766,0.1828,1,0.089
33.0600348,8.352,3,723,0.3324,3,0.1531
36.1920348,13.92,5,701,0.1099,1,0.2198
147.9000348,7.83,3,815,0.0929,1,0.0603
46.1987748,10.44,5,826,0.1103,1,0.0849
130.5,10.44,3,777,0.0237,2,0.1114
43.5000348,2.24025,3,734,0.2754,1,0.1016
54.81,3.915,3,750,0.0707,2,0.0888
91.35,6.525,3,723,0.2134,1,0.1229
36.54,8.7,3,723,0.0811,2,0.1311
31.4244,6.09,3,706,0.0704,2,0.1422
60.8999652,24.6645,3,734,0.2889,2,0.1972
50.112,4.176,3,717,0.1694,2,0.1212
45.153,6.09,3,723,0.1311,1,0.1311
59.1600348,16.704,5,706,0.1039,2,0.2247
73.08,6.96,3,723,0.1159,1,0.1114
39.15,8.7,3,739,0.2145,1,0.1409
34.7999652,21.75,5,826,0.0495,1,0.1149
46.98,8.265,3,695,0.1601,1,0.2198
45.414,2.61,3,717,0.0434,1,0.1046
27.8400348,11.745,5,701,0.1508,2,0.1969
78.3,5.22,3,761,0.0251,1,0.079
53.244,15.66,3,755,0.1181,1,0.1114
93.96,13.485,3,739,0.1636,1,0.089
65.25,11.832,3,783,0.1261,1,0.079
34.7999652,9.0045,3,728,0.2046,1,0.1409
26.1,7.46025,3,701,0.0984,1,0.1727
62.64,13.05,3,712,0.2488,2,0.1905
106.14348,8.7,3,837,0.0285,1,0.0859
78.3,9.396,5,772,0.0094,1,0.1367
71.3399652,21.75,3,712,0.0479,2,0.1409
69.6000348,9.57,3,734,0.0426,2,0.1099
17.4000348,4.785,3,728,0.3216,1,0.1114
52.2,11.31,3,777,0.1058,3,0.1311
34.7999652,3.32775,3,788,0.0372,1,0.079
51.3300348,21.75,5,734,0.321,1,0.1972
39.15,1.74,3,717,0.1411,1,0.1311
56.5500348,15.66,3,723,0.3323,1,0.1905
43.5000348,16.63875,5,739,0.291,1,0.1849
167.9099652,14.616,3,848,0.0387,2,0.0662
73.9499652,21.75,5,744,0.2219,1,0.1632
26.1,6.45975,3,744,0.0732,1,0.0976
32.364,10.44,3,799,0.0961,1,0.0603
60.8999652,8.7,3,739,0.1815,1,0.1074
83.3459652,21.75,3,723,0.1795,2,0.1595
26.9699652,7.395,3,701,0.18,2,0.1777
36.54,10.76625,3,777,0.31,1,0.0662
28.71,8.7,3,739,0.2356,1,0.1433
62.64,1.653,3,777,0.1927,1,0.0751
69.165,20.01,3,723,0.2584,2,0.1777
45.2399652,1.74,3,712,0.2248,2,0.1433
60.8999652,6.96,3,837,0.0919,1,0.0699
60.8999652,8.7,3,777,0.0794,1,0.0729
65.25,4.176,3,744,0.1734,2,0.079
34.7999652,4.35,3,766,0.1839,1,0.0692
66.1199652,6.09,3,755,0.0906,1,0.1112
78.3,8.7,3,701,0.1088,2,0.1212
46.5449652,13.05,3,739,0.1406,1,0.1347
39.15,14.5725,3,761,0.2475,1,0.1241
18.0959652,4.35,3,701,0.0979,1,0.1629
41.09184,6.96,3,826,0.0447,1,0.0542
36.54,11.31,3,832,0.1614,1,0.0963
43.5000348,3.48,3,744,0.1589,1,0.0976
38.2800348,8.7,3,744,0.1432,2,0.0991
66.11652,3.045,3,755,0.1554,1,0.0729
44.37,1.566,3,706,0.2421,1,0.1367
60.8999652,5.22,3,755,0.1466,2,0.0749
37.584,3.48,3,766,0.2092,1,0.0766
65.25,26.1,5,734,0.2125,1,0.1905
56.5500348,12.18,3,728,0.1519,2,0.1409
77.1351048,13.746,5,750,0.1964,1,0.1602
39.15,6.264,3,728,0.2789,3,0.1114
39.15,5.06775,3,728,0.04,3,0.1212
51.3300348,2.61,3,772,0.1285,1,0.0714
23.9076,8.7,5,723,0.148,3,0.1632
46.1100348,9.3525,3,723,0.1402,2,0.1311
60.8999652,3.98025,3,717,0.1431,3,0.1565
73.9499652,7.83,3,723,0.1536,2,0.1433
130.5,8.7,3,788,0.0649,1,0.0579
39.15,6.96,3,701,0.1576,1,0.1629
92.2199652,13.05,3,717,0.0432,2,0.1596
45.2399652,17.98725,3,750,0.2312,3,0.1433
32.1899652,9.135,3,706,0.143,1,0.1533
56.5500348,4.19775,3,717,0.0476,2,0.1212
56.5500348,3.306,3,739,0.1545,1,0.1112
43.5348,17.052,5,712,0.0976,1,0.2149
53.9400348,11.136,5,766,0.0902,1,0.1261
140.0700348,26.1,3,859,0.0034,1,0.079
37.4234328,12.615,5,799,0.1426,1,0.1075
59.1600348,14.5725,3,717,0.0884,1,0.1875
89.1750348,10.44,3,734,0.1429,2,0.1629
52.2,4.176,3,701,0.139,3,0.1465
110.925,4.35,3,706,0.1118,2,0.1409
69.6000348,13.05,3,728,0.0846,2,0.1417
37.4099652,1.305,3,723,0.1359,1,0.2149
41.76,15.66,5,799,0.1503,2,0.1059
63.5099652,4.872,3,690,0.206,1,0.1482
65.86335,30.45,5,777,0.2619,1,0.1565
31.3872336,13.92,5,739,0.1533,3,0.1528
24.03288,7.72125,3,701,0.149,2,0.1531
23.9250348,7.72125,3,717,0.3015,2,0.1531
52.2243252,6.96,5,712,0.0992,1,0.1875
65.8494648,8.7,3,717,0.1457,1,0.1348
43.5000348,17.4,3,788,0.2352,2,0.1148
57.42,21.75,3,772,0.1538,1,0.0991
43.5000348,8.7,3,804,0.1145,1,0.0662
36.54,9.57,3,739,0.1889,1,0.1253
135.72,10.44,3,766,0.1875,2,0.0603
38.2800348,14.964,5,744,0.0995,2,0.1969
66.9900348,1.566,3,706,0.0679,3,0.1531
78.3,2.61,3,810,0.1103,1,0.0603
27.8400348,8.28675,3,706,0.1135,1,0.1581
36.54,17.4,3,794,0.0149,2,0.1284
56.55348,5.22,3,826,0.084,1,0.0768
40.8900348,2.175,3,706,0.2249,1,0.1849
27.144,1.6965,3,717,0.1508,1,0.1311
73.9499652,26.1,5,744,0.108,1,0.205
26.1,5.22,5,695,0.066,1,0.1714
60.4650348,20.88,3,755,0.2668,1,0.1212
83.52,13.05,3,695,0.1805,1,0.1999
35.6700348,10.44,5,777,0.0404,1,0.1099
111.708,18.27,3,750,0.1142,2,0.1367
52.2,5.0025,3,695,0.1244,1,0.1399
43.5000348,13.05,3,734,0.1655,1,0.1311
52.2,6.525,3,750,0.2656,3,0.1212
36.75924,6.96,3,717,0.1673,1,0.1284
31.32,1.74,3,772,0.237,2,0.089
60.8999652,10.3965,3,739,0.2122,3,0.1433
70.47,5.655,3,761,0.1256,3,0.079
36.54,3.915,3,734,0.0926,1,0.1149
56.5500348,20.88,3,761,0.1553,2,0.1016
33.93,12.76725,3,734,0.2723,1,0.1629
86.9999652,20.6625,5,750,0.1422,2,0.1972
100.0499652,6.525,3,750,0.1313,1,0.0662
104.4,26.1,3,734,0.1229,1,0.1727
38.2800348,17.4,5,695,0.243,3,0.2245
43.5000348,13.05,3,739,0.1375,2,0.1311
48.7200348,3.48,3,804,0.2394,2,0.0579
38.5410348,3.76275,3,755,0.0547,1,0.0749
28.7404848,5.22,3,695,0.2913,3,0.1727
73.86822,3.915,3,761,0.2027,2,0.0751
43.5000348,10.44,3,701,0.1507,2,0.1727
143.55,8.7,3,772,0.0033,1,0.092
76.5599652,12.18,3,717,0.1135,2,0.1531
30.4500348,6.7425,3,717,0.2674,1,0.1629
29.5799652,10.005,3,739,0.234,1,0.1114
20.88,6.09,3,695,0.189,3,0.1849
90.4800348,19.14,3,695,0.1802,1,0.1727
104.4,16.965,3,712,0.0979,2,0.1849
34.7999652,7.308,3,728,0.2232,1,0.1212
56.5500348,8.0475,3,788,0.1628,2,0.1189
60.8999652,20.88,5,723,0.0869,1,0.2049
16.2689652,3.132,3,788,0.0327,1,0.089
62.64,8.7,3,717,0.2208,1,0.1349
65.25,21.75,5,799,0.1342,1,0.1171
26.1,3.132,3,783,0.1572,1,0.0749
75.69,6.96,3,804,0.0959,2,0.0599
41.3249652,12.615,3,804,0.0485,1,0.079
55.75221,8.526,5,701,0.1489,3,0.1969
57.9950352,1.305,3,723,0.159,1,0.1149
37.845,1.305,3,734,0.1537,1,0.1212
38.9412,2.871,3,739,0.0416,1,0.1171
107.8799652,17.4,3,837,0.1112,1,0.0662
52.2,5.22,3,712,0.074,1,0.1212
38.2800348,11.832,3,717,0.2037,3,0.1311
130.5,26.1,5,744,0.1532,1,0.2149
41.76,8.7,3,734,0.1203,2,0.1171
26.1,4.176,3,706,0,1,0.1484
21.7499652,4.35,3,832,0.2986,1,0.0603
17.4000348,4.785,3,717,0.2124,2,0.1269
50.112,8.6565,3,723,0.0419,1,0.1433
65.772,7.395,3,794,0.0724,1,0.0662
43.5000348,13.92,3,739,0.1517,3,0.1348
22.0109652,3.132,3,734,0.1134,2,0.0976
65.25,10.44,3,788,0.0912,1,0.0963
23.3856,4.263,3,761,0.2375,2,0.1426
26.1,8.7435,3,723,0.2459,3,0.1433
120.06,21.75,3,777,0.0414,2,0.1306
41.76,8.3085,3,739,0.1433,2,0.1074
80.0400348,11.31,3,761,0.1405,1,0.1126
18.27,5.4375,3,712,0.204,1,0.1433
34.7999652,13.05,3,728,0.1719,1,0.1367
47.8499652,8.7,3,712,0.2145,2,0.1409
66.1199652,5.22,3,744,0.0344,1,0.1183
54.288,4.35,5,788,0.1123,1,0.1062
62.64,8.352,3,712,0.1282,1,0.1531
25.056,5.22,5,717,0.0904,1,0.1689
39.15,6.96,3,810,0.0173,1,0.0714
66.1199652,2.61,3,717,0.1493,1,0.1212
54.81,13.05,3,794,0.2672,2,0.1037
69.948,10.44,3,810,0.0949,2,0.0579
73.9499652,6.09,3,723,0.1511,1,0.1242
78.3,6.96,3,750,0.1476,1,0.1099
36.54,8.7,3,744,0.0977,1,0.1242
39.15,5.22,3,728,0.181,1,0.1311
33.4776348,8.352,3,706,0.1394,2,0.1399
40.8900348,10.44,5,712,0.2344,1,0.1799
160.9500348,17.4,5,734,0.063,1,0.1875
104.4,17.4,3,794,0.1338,1,0.1025
45.936,13.3545,3,706,0.1509,1,0.1849
45.2399652,10.875,3,772,0.1221,1,0.1126
82.6500348,21.75,3,766,0.2049,1,0.0991
37.0063548,16.53,3,723,0.1512,1,0.1367
126.1499652,4.35,3,832,0.0643,1,0.0603
41.76,15.66,3,728,0.1545,2,0.1409
69.6000348,10.701,3,783,0.0715,2,0.0603
34.7999652,13.05,3,706,0.1027,1,0.158
72.2100348,6.96,3,723,0.2919,1,0.1629
91.35,10.527,3,799,0.2478,1,0.1199
43.5000348,19.14,5,712,0.2633,2,0.1629
26.8456248,2.61,3,744,0.1206,1,0.1306
40.0199652,3.48,3,755,0.2293,1,0.1148
63.0750348,26.1,5,728,0.2471,1,0.2278
84.3899652,8.7,3,712,0.1925,2,0.1465
40.0199652,2.61,3,695,0.1662,2,0.1727
62.64,27.03525,3,695,0.2618,1,0.2049
89.0879652,21.75,3,761,0.0094,3,0.1036
73.9499652,21.75,3,750,0.1866,2,0.079
73.94652,8.7,3,706,0.1093,1,0.1521
55.2450348,6.96,5,739,0.0238,1,0.1557
38.2800348,13.05,3,728,0.2007,2,0.1465
63.14112,8.352,3,783,0.0966,3,0.0729
47.8499652,14.79,3,777,0.127,1,0.1183
100.0499652,5.22,5,755,0.0931,1,0.1212
24.3599652,11.31,3,772,0.156,1,0.0991
54.81,27.405,5,799,0.2132,1,0.1212
26.1869652,6.786,3,717,0.2189,1,0.1435
29.5799652,14.3115,5,706,0.2559,1,0.2197
33.0600348,6.96,3,799,0.0891,1,0.079
52.2,12.18,3,717,0.1426,1,0.1531
70.47,7.83,3,799,0.1711,1,0.0662
20.88,1.392,3,701,0.1415,1,0.1505
32.1899652,0.97875,3,794,0.1768,1,0.0579
47.8499652,4.35,3,695,0.2077,2,0.1629
86.9999652,17.4,5,750,0.1394,1,0.1531
19.1399652,1.5225,3,761,0.0802,1,0.1114
95.7000348,20.88,5,695,0.1292,2,0.2114
43.5000348,14.79,5,804,0.1112,2,0.1074
43.5000348,8.7,3,744,0.1198,1,0.1016
45.2399652,17.835,5,695,0.2485,1,0.2328
65.25,8.7,3,701,0.2414,1,0.1825
22.7939652,6.177,3,728,0.1246,1,0.1114
69.6000348,26.1,3,783,0.2665,1,0.089
29.5799652,10.11375,3,744,0.2284,1,0.1433
27.8400348,3.48,3,761,0.0416,1,0.1149
56.5500348,4.35,3,717,0.2902,1,0.1409
104.4,8.7,3,734,0.0169,1,0.1632
104.4,17.4,5,723,0.0972,1,0.1817
37.4099652,16.704,3,755,0.2958,1,0.1212
26.9699652,13.05,3,766,0.2075,1,0.079
34.7999652,15.33375,3,712,0.1488,2,0.1311
86.9999652,7.83,3,821,0.0587,1,0.0603
27.4919652,9.24375,3,695,0.221,1,0.1777
104.4,12.615,3,848,0.0715,2,0.0542
87.8700348,4.35,3,734,0.2474,1,0.1212
34.7999652,5.22,3,723,0.1533,3,0.1311
39.15,20.88,3,766,0.148,1,0.1065
104.4,3.915,3,810,0.1848,1,0.0599
71.8619652,12.18,3,734,0.0764,1,0.1212
30.0672,6.5685,3,706,0.2194,2,0.1689
76.1250348,4.176,3,864,0.1042,1,0.0662
53.9400348,6.09,3,821,0.1432,1,0.0699
60.8999652,4.35,3,766,0.1661,1,0.0788
49.59,7.83,5,848,0.08,2,0.0788
45.2399652,13.20225,5,701,0.1878,1,0.2025
27.8400348,4.176,3,750,0.2021,1,0.1059
43.5000348,4.35,3,783,0.1327,1,0.0894
36.54,7.917,3,826,0.1466,1,0.0603
39.15,8.7,3,717,0.1917,2,0.1409
52.2,6.525,3,734,0.1074,2,0.1558
69.6000348,13.05,3,794,0.0277,1,0.1095
72.2100348,8.7,3,772,0.1705,1,0.0654
26.1,6.525,3,728,0.1772,2,0.1178
61.7700348,8.7,3,772,0.1398,1,0.1025
60.8999652,10.44,3,744,0.1457,1,0.1136
46.1100348,22.1415,5,761,0.2638,2,0.1399
67.86,5.22,3,674,0.1023,2,0.147
36.54,0.87,3,706,0.1963,2,0.1316
20.88,4.35,3,734,0.134,1,0.1261
43.5000348,8.7,3,750,0.2983,2,0.1016
34.7999652,5.22,3,717,0.0816,1,0.1212
31.6679652,12.24525,3,728,0.1296,1,0.1875
85.9559652,17.4,3,750,0.1509,2,0.1311
52.2,7.83,3,794,0.1223,2,0.0603
52.2,6.09,3,701,0.1708,1,0.1947
53.9400348,17.1825,3,717,0.2414,2,0.1596
44.37,5.22,3,848,0.0151,2,0.0542
52.2,8.7,3,804,0.1303,1,0.0603
52.2,12.528,5,706,0.0706,1,0.1756
42.6299652,8.7,3,712,0.1661,2,0.1427
79.1699652,6.873,3,859,0.152,1,0.0859
31.32,4.437,3,674,0.2567,1,0.1829
78.3,5.22,3,717,0.1968,1,0.1349
50.4599652,14.094,5,717,0.0792,1,0.158
32.625,4.35,3,810,0.1574,1,0.0603
53.505,16.965,3,695,0.2684,2,0.21
44.3352348,1.566,3,695,0.0419,2,0.1602
50.4599652,23.49,5,777,0.1828,1,0.1427
30.4500348,5.4375,3,690,0.1985,2,0.1754
86.652,30.45,3,783,0.093,1,0.1074
53.9400348,8.352,3,706,0.265,1,0.1629
31.32,4.67625,3,772,0.2093,1,0.0662
174.0000348,21.75,3,744,0.0105,1,0.1242
45.2399652,10.44,3,706,0.0981,1,0.1777
62.5217148,12.615,3,739,0.2829,1,0.1311
29.198592,6.525,3,728,0.0804,1,0.1311
91.35,12.18,3,717,0.0347,1,0.1465
45.2399652,10.44,5,739,0.1685,2,0.1527
43.5000348,8.7,3,755,0.1358,1,0.0849
67.86,23.49,5,755,0.1948,2,0.1855
40.64031,10.76625,3,728,0.1639,2,0.1091
80.0400348,21.75,5,744,0.1411,2,0.1669
49.1549652,21.20625,5,739,0.3061,1,0.158
73.94652,3.045,3,701,0.0536,2,0.1269
56.5500348,8.7,5,744,0.177,1,0.1649
38.2800348,5.22,3,826,0.0777,1,0.0603
69.6000348,8.7,3,794,0.0625,1,0.0832
36.54,5.568,5,728,0.2443,1,0.1599
91.7850348,10.44,3,734,0.1422,2,0.1016
52.2,17.4,5,744,0.2354,1,0.1596
36.1920348,2.61,3,695,0.1895,3,0.1505
24.3599652,8.526,3,772,0.0896,2,0.0729
145.4639652,30.45,3,761,0.199,1,0.1212
43.5000348,13.92,3,739,0.1823,1,0.1212
239.2500348,21.75,5,761,0.0383,1,0.1269
17.30952,8.7,3,717,0.0959,1,0.1714
29.5799652,14.5725,5,701,0.2188,3,0.2148
26.1,4.35,3,777,0.0304,1,0.0762
56.55348,6.96,3,772,0.0812,1,0.1183
52.2,5.1765,3,728,0.2154,1,0.1212
37.4099652,8.526,3,804,0.1499,3,0.0859
52.2,17.4,5,712,0.1708,1,0.2198
52.2,17.4,5,750,0.1616,2,0.1649
45.2399652,7.83,5,706,0.1574,2,0.1991
60.8999652,21.75,5,728,0.0915,1,0.2049
46.1100348,9.3525,3,761,0.1191,1,0.1114
86.9999652,26.29575,3,750,0.2815,1,0.1777
56.5500348,14.355,3,864,0.2265,1,0.0603
82.6500348,13.224,3,804,0.145,2,0.1114
29.5799652,10.11375,3,734,0.1673,1,0.1531
108.75348,13.05,3,826,0.0053,2,0.0788
42.8527548,8.7,5,734,0.1647,1,0.1849
156.6,17.4,3,794,0.0838,2,0.079
69.6000348,5.22,3,821,0.1268,1,0.0603
45.2399652,12.18,5,783,0.1195,2,0.1037
26.1,4.611,3,695,0.2488,2,0.1527
136.764,12.528,3,788,0.1789,1,0.079
93.96,8.7,3,701,0.104,1,0.1531
52.2,7.83,3,712,0.1588,1,0.1531
11.484,2.175,3,706,0.1645,2,0.1298
47.7638352,10.44,3,712,0.2232,1,0.1777
60.8999652,4.176,3,734,0.1891,1,0.1433
27.7581852,9.0915,3,744,0.2133,1,0.1311
34.7999652,13.92,3,734,0.3291,2,0.1629
40.0199652,14.79,3,723,0.1701,2,0.1581
17.487,5.0025,3,744,0.2424,1,0.1311
52.2,17.4,3,799,0.2142,1,0.079
46.1100348,6.264,3,712,0.0892,1,0.1037
60.8999652,15.66,3,772,0.1836,1,0.079
52.2,5.85075,3,706,0.1316,2,0.1312
43.5000348,8.7,3,717,0.1241,1,0.1777
118.3199652,12.18,5,788,0.104,1,0.1
34.79652,4.35,3,701,0.1629,1,0.1292
56.5500348,13.05,3,788,0.2073,1,0.079
32.1899652,2.61,3,750,0.1521,1,0.1038
46.98,10.44,3,734,0.0462,1,0.1474
8.6999652,1.2615,3,783,0.222,1,0.0751
52.2,13.05,3,701,0.1449,1,0.1905
58.7075652,8.7,5,810,0.2269,1,0.1149
195.75,30.45,5,755,0.1184,1,0.2049
45.2399652,8.7,3,734,0.0584,1,0.1212
53.9400348,21.38025,3,701,0.1928,2,0.2049
28.71,1.218,3,717,0.0305,2,0.1427
81.432,20.88,5,712,0.1177,1,0.1629
74.8200348,15.85575,5,744,0.3219,2,0.1629
52.2,8.7,3,761,0.1042,1,0.1074
60.8999652,10.44,3,783,0.0946,1,0.0662
88.74,14.79,5,794,0.1791,2,0.1112
74.29365,2.61,3,695,0.2874,1,0.1905
30.4500348,13.05,5,744,0.1365,1,0.1825
125.28,13.05,3,848,0.0872,1,0.0603
46.11348,8.7,5,717,0.1254,1,0.1682
66.1199652,14.79,3,804,0.0665,2,0.1114
26.1,13.05,3,717,0.0268,1,0.1568
34.7999652,10.44,3,755,0.1107,2,0.1158
46.98,13.05,3,783,0.1862,1,0.079
69.6000348,5.22,3,723,0.2457,1,0.089
49.59,6.09,3,701,0.1815,3,0.1777
69.6000348,21.75,5,777,0.2011,1,0.1323
44.20296,3.48,3,788,0.15,2,0.0617
46.98,6.96,5,701,0.2016,1,0.1595
41.76,6.786,3,761,0.0715,2,0.1065
60.8999652,21.75,5,728,0.2846,2,0.1905
81.7799652,23.99025,5,717,0.1828,1,0.1727
36.54,10.44,3,766,0.0451,1,0.0791
56.5500348,3.48,3,723,0.118,1,0.1311
45.2399652,2.61,3,755,0.2774,2,0.1114
31.32,7.308,3,788,0.133,2,0.0692
120.06,3.915,3,706,0.0123,1,0.1343
43.5000348,6.96,3,744,0.079,1,0.1212
52.2,7.83,3,739,0.2488,1,0.1311
39.15,8.19975,3,706,0.1571,1,0.1349
33.408,3.132,5,717,0.2222,3,0.1972
52.2,12.528,3,717,0.1075,1,0.1311
43.5000348,11.745,2,717,0.317,3,0.1433
78.3,10.44,3,701,0.0984,1,0.1777
41.1500952,6.96,3,706,0.1185,2,0.1433
34.7999652,8.11275,3,734,0.2135,2,0.1409
61.7700348,10.44,5,728,0.205,1,0.1446
86.9999652,15.66,5,799,0.053,3,0.089
43.065,13.98525,3,734,0.1758,3,0.1629
108.7500348,8.7,3,706,0.1715,2,0.1409
82.6500348,13.92,5,734,0.1488,3,0.1311
52.2,5.22,3,810,0.0106,1,0.08
53.5919652,3.654,3,810,0.0658,1,0.0729
43.5000348,6.96,3,712,0.1622,3,0.1409
108.0887652,17.50875,3,734,0.1788,1,0.1465
48.024,6.525,3,701,0.1254,1,0.1632
48.7200348,13.92,5,734,0.0844,1,0.1727
22.5504,7.72125,3,739,0.317,1,0.1114
25.056,4.35,5,706,0.1671,1,0.1749
52.2,8.7,3,739,0.0595,1,0.1212
95.7000348,17.4,3,723,0.1185,1,0.1629
26.1,3.132,3,766,0.0004,2,0.1411
50.6687652,17.4,5,761,0.1776,2,0.1311
39.15,10.07025,5,766,0.1837,1,0.1311
36.54,12.615,3,717,0.1797,1,0.1433
34.7999652,4.35,3,761,0.2706,2,0.079
34.7999652,10.44,3,712,0.1824,1,0.1531
191.3999652,18.27,3,788,0.2128,1,0.1109
56.5500348,8.7,3,712,0.2603,1,0.1531
106.1400348,20.88,3,794,0.2087,1,0.079
69.6000348,17.4,5,734,0.129,1,0.1825
36.54,10.44,5,755,0.1763,2,0.1074
43.40952,2.436,3,854,0.0796,2,0.074
60.8999652,12.528,3,723,0.2441,1,0.1426
75.69,14.355,3,766,0.1105,2,0.1171
52.2,8.265,3,777,0.2772,2,0.089
27.8400348,9.744,3,712,0.1215,1,0.158
133.9799652,8.004,3,712,0.1542,2,0.1261
43.5000348,4.3065,3,701,0.1411,1,0.1367
95.7000348,18.27,5,712,0.2587,3,0.247
32.1899652,4.35,3,701,0.0636,1,0.1461
77.4300348,17.4,5,744,0.2405,2,0.1629
47.4897852,16.53,3,821,0.1983,1,0.1114
34.7999652,10.44,3,701,0.2448,2,0.1777
69.6000348,18.2265,5,788,0.089,1,0.1367
195.75,18.27,3,739,0.1653,1,0.1111
98.31348,3.48,5,744,0.0263,2,0.1223
43.5000348,11.136,5,766,0.0672,2,0.1149
52.2,17.4,3,717,0.2142,2,0.1581
20.88,6.89475,3,701,0.2125,1,0.1629
69.6000348,13.05,3,728,0.2828,2,0.1016
47.84652,13.05,3,712,0.0768,2,0.1599
29.9662452,4.872,3,728,0.1833,1,0.1349
96.57,26.1,5,744,0.1923,1,0.1677
29.5799652,8.7,3,739,0.258,1,0.1114
54.3749652,5.046,3,804,0.0698,1,0.0603
29.5799652,10.07025,3,772,0.1747,1,0.079
130.5,6.09,3,766,0.0141,1,0.079
12.528,1.479,3,712,0.2067,1,0.1399
33.408,7.308,3,804,0.1534,1,0.0603
46.98,12.18,3,744,0.1138,1,0.1212
69.6000348,10.44,3,761,0.0785,2,0.1114
108.7500348,26.1,5,723,0.2192,2,0.1972
88.74,9.744,3,761,0.1307,1,0.0791
38.0016,8.7,3,734,0.1962,1,0.1212
47.8499652,15.20325,5,723,0.2295,1,0.1905
47.8499652,14.355,3,804,0.2723,1,0.079
50.4599652,6.525,3,739,0.1597,3,0.1367
40.0199652,6.96,3,777,0.151,1,0.1148
30.4500348,5.22,3,723,0.2307,1,0.1253
69.6000348,8.526,3,810,0.1444,2,0.0599
86.9999652,10.44,3,723,0.1139,3,0.1465
56.5500348,21.75,5,728,0.1994,1,0.1793
45.2399652,16.53,5,739,0.2241,1,0.1632
37.40652,6.264,3,739,0.1362,1,0.1411
43.5000348,2.61,3,766,0.168,1,0.089
130.5,7.83,3,772,0.0733,1,0.089
44.37,6.96,3,799,0.1838,1,0.0603
70.47,17.4,5,701,0.071,1,0.2295
60.8999652,6.09,3,723,0.2236,1,0.1311
33.408,12.18,3,761,0.2453,1,0.1065
23.53176,3.654,3,739,0.1043,1,0.089
25.8825348,9.02625,3,717,0.2642,2,0.1433
83.19375,11.397,3,695,0.2324,1,0.1855
28.71,1.74,3,712,0.0331,1,0.1689
91.35,9.135,3,695,0.1152,1,0.1825
26.1,4.35,3,734,0.2384,2,0.1242
53.9400348,6.96,3,766,0.2158,1,0.079
60.8999652,26.1,5,794,0.1097,1,0.1212
53.9400348,12.528,3,701,0.3323,1,0.1849
53.244,4.9155,3,739,0.1649,1,0.0766
23.52132,5.655,3,717,0.1398,3,0.1111
160.9500348,17.4,3,750,0.0834,1,0.1136
30.4500348,3.48,3,794,0.0295,3,0.1433
60.8999652,10.44,3,728,0.1862,2,0.1212
33.0600348,15.85575,5,750,0.2261,1,0.1629
56.5500348,14.616,5,772,0.1342,2,0.1099
59.1600348,9.135,3,706,0.1955,1,0.1433
58.464,3.48,3,717,0.2209,1,0.1483
39.7517616,6.09,3,804,0.0544,2,0.0714
48.7112652,4.35,3,728,0.183,2,0.1114
34.7999652,8.7,3,728,0.2118,1,0.1171
36.54,5.655,3,717,0.2497,1,0.1212
73.0400148,5.22,3,739,0.1748,1,0.089
60.8999652,4.872,3,794,0.0723,2,0.0662
47.8499652,9.57,3,734,0.0583,1,0.1212
32.1899652,8.7,3,728,0.2306,1,0.1212
61.857,15.66,3,750,0.2608,2,0.1016
130.5,26.1,3,706,0.167,2,0.2149
39.15,7.656,5,794,0.2159,1,0.1038
48.7200348,5.568,3,739,0.1146,2,0.1311
111.3600348,14.616,5,864,0.0334,1,0.079
66.1199652,4.176,3,761,0.1374,1,0.079
83.52,10.44,3,810,0.0225,1,0.0579
82.6500348,8.7,3,706,0.1269,1,0.1433
32.364,5.22,3,723,0.2145,2,0.1171
58.8015252,26.1,5,728,0.2436,1,0.1788
28.71,4.35,3,728,0.2851,2,0.1433
13.6981152,5.22,3,712,0.1639,3,0.1212
261,6.96,3,712,0.0768,1,0.1409
40.8900348,8.7,5,750,0.1486,2,0.1398
33.408,1.392,3,706,0.121,1,0.1349
47.8499652,8.7,3,712,0.0971,2,0.1409
43.5000348,10.44,5,755,0.1298,2,0.1399
29.1450348,6.96,3,723,0.235,1,0.1367
16.704,3.48,3,772,0.025,1,0.1269
108.7500348,21.20625,3,744,0.1086,1,0.1311
93.96,8.7,3,734,0.1772,1,0.1212
40.0199652,6.09,3,717,0.2493,1,0.1629
30.4500348,8.7,3,728,0.1059,1,0.1409
45.2399652,8.7,3,723,0.0585,1,0.1171
34.7999652,10.44,3,706,0.282,3,0.1433
49.28724,3.48,5,723,0.1582,2,0.1682
111.3600348,14.79,3,761,0.1533,2,0.1311
94.8299652,13.05,3,859,0.0664,2,0.0699
36.54,4.176,3,728,0.0531,1,0.1242
95.7000348,30.45,5,734,0.1468,1,0.2198
51.7649652,8.7,3,750,0.1938,3,0.1311
78.3,3.045,3,810,0.0183,1,0.0762
83.52,21.75,3,717,0.1846,1,0.1663
56.5500348,8.352,3,706,0.1861,1,0.1417
49.7640348,6.7425,3,826,0.2201,2,0.0603
69.02928,4.35,3,701,0.2553,2,0.158
32.1899652,6.96,3,717,0.1862,2,0.1531
217.4999652,30.45,5,712,0.1425,1,0.2167
107.20053,5.76375,3,695,0.1168,1,0.1777
104.4,21.75,3,734,0.1492,1,0.1433
36.54,13.05,3,744,0.126,2,0.1399
29.5799652,11.136,3,864,0.0018,2,0.0894
28.71,6.09,3,804,0.0829,1,0.0603
60.8999652,18.096,3,794,0.1694,1,0.1221
73.08,6.32925,3,761,0.2541,1,0.079
69.6000348,3.48,3,706,0.122,1,0.1114
46.1100348,5.22,3,701,0.0158,2,0.1749
74.8200348,21.924,5,728,0.149,1,0.203
75.69,5.22,3,766,0.1938,1,0.1189
36.54,5.22,3,712,0.1666,1,0.1242
46.98,16.53,5,717,0.1985,1,0.1972
38.2800348,6.96,3,788,0.2195,1,0.0662
48.7200348,8.2215,3,728,0.1174,1,0.1212
65.25,10.44,3,761,0.0805,1,0.1016
84.08898,10.44,3,750,0.1193,1,0.1016
27.405,6.96,3,766,0.1901,3,0.1311
78.3,5.72025,3,750,0.0439,1,0.089
100.0499652,30.45,5,695,0.1895,1,0.2247
53.9400348,7.8735,3,739,0.2058,2,0.1311
44.37,1.566,3,734,0.1664,3,0.1149
91.35,28.188,5,837,0.0128,1,0.1212
63.945,24.36,5,712,0.1029,2,0.2278
17.4000348,4.698,3,717,0.1542,1,0.1367
31.32,6.264,5,794,0.1797,1,0.1038
91.35,8.7,3,695,0.0582,2,0.1409
55.24848,6.96,3,734,0.196,2,0.1409
100.0499652,3.48,3,744,0.0134,1,0.1269
60.8999652,6.96,3,815,0.1965,1,0.0579
121.8000348,20.88,3,832,0.1441,2,0.0788
78.3,5.22,3,706,0.1568,2,0.1531
44.892,8.7,3,804,0.1872,1,0.0751
85.9995,10.875,3,772,0.1407,2,0.0749
50.6687652,9.135,3,804,0.1626,3,0.0662
95.7000348,28.3185,3,854,0.0852,1,0.0662
142.245,5.22,5,712,0.178,2,0.1719
141.8099652,17.4,3,712,0.1283,1,0.1849
27.405,5.22,3,728,0.0453,1,0.1311
95.7000348,12.18,3,734,0.275,1,0.1409
63.5099652,13.92,3,717,0.1761,1,0.1311
107.01,6.09,3,744,0.2401,1,0.1016
33.93,11.31,3,712,0.1609,2,0.1409
62.64,8.265,5,744,0.2488,1,0.1595
144.7341048,29.145,5,744,0.147,2,0.1714
30.4500348,10.44,3,717,0.1399,2,0.1242
91.35,21.75,3,744,0.2464,1,0.1459
56.5500348,30.45,5,788,0.1684,2,0.1689
47.8499652,6.96,3,712,0.1076,3,0.158
46.98,15.20325,3,717,0.1482,2,0.1212
22.6200348,7.72125,3,739,0.3046,1,0.1311
52.2,10.527,3,728,0.1285,1,0.1367
39.15,6.96,3,744,0.0973,1,0.1242
57.8550348,8.7,3,706,0.2089,1,0.1581
56.5500348,8.7,3,706,0.0624,1,0.1855
34.7999652,15.66,3,766,0.1185,1,0.0991
43.5000348,17.052,3,717,0.2938,1,0.1629
37.584,13.92,3,739,0.1586,1,0.1298
130.5,20.88,3,783,0.1927,1,0.1099
147.9000348,24.36,3,772,0.1921,2,0.0762
80.91,21.75,5,739,0.2404,1,0.158
17.4000348,1.41375,3,788,0.0432,1,0.1531
50.4599652,6.96,5,712,0.0629,1,0.1483
39.15,15.225,3,728,0.3488,1,0.1409
43.5000348,5.22,3,706,0.1675,2,0.1311
42.9780348,5.22,3,744,0.3364,2,0.079
56.5500348,17.72625,5,783,0.2267,1,0.1409
48.7200348,14.094,3,766,0.2276,1,0.089
40.8900348,8.7,3,761,0.1961,1,0.1114
75.69,21.75,3,744,0.1588,1,0.1484
91.35,20.88,3,755,0.2266,1,0.1212
46.98,6.264,3,679,0.0967,1,0.1482
33.93,7.83,3,701,0.2265,2,0.158
82.6500348,26.1,5,728,0.2007,1,0.2247
21.7152,1.45725,3,728,0.0481,1,0.1111
72.3796848,11.31,3,723,0.162,1,0.1171
44.1525348,7.83,3,723,0.2388,1,0.1311
6.14394,2.61,3,674,0.0238,1,0.1375
57.42,10.44,3,717,0.3291,1,0.1531
44.892,6.264,3,750,0.2174,1,0.079
52.2,5.22,3,706,0.0794,1,0.158
47.8499652,20.01,5,804,0.1239,3,0.0691
78.3,8.7,3,744,0.1796,1,0.0963
78.3,8.7,3,772,0.0591,1,0.0863
22.6200348,4.67625,3,761,0.2875,3,0.1171
39.15,4.176,3,750,0.2395,1,0.0788
126.1499652,13.224,5,728,0.1922,2,0.1558
95.7000348,13.05,3,761,0.0572,1,0.1025
40.0199652,8.352,3,744,0.2058,1,0.1114
137.4600348,8.7,3,777,0.0316,1,0.0662
34.07616,5.22,3,695,0.2485,1,0.1596
20.0100348,5.76375,3,728,0.1012,1,0.1114
93.0247848,21.0975,3,783,0.1765,1,0.1218
26.1,4.35,3,723,0.2076,1,0.1197
28.71,2.61,3,695,0.2287,1,0.1727
73.9499652,1.305,3,706,0.2082,1,0.1306
36.10152,5.22,5,728,0.1434,3,0.1349
41.76,16.20375,5,717,0.2298,2,0.1972
52.2,6.09,3,788,0.0834,1,0.0932
63.5099652,21.75,3,739,0.1913,1,0.1409
69.6000348,13.05,3,717,0.1558,3,0.1527
74.385,10.44,3,821,0.1388,1,0.0662
28.71,6.003,3,750,0.1418,2,0.079
86.9999652,8.7,3,772,0.0968,1,0.1059
39.15,2.784,3,744,0.1617,1,0.1016
26.2740348,10.44,3,706,0.1646,1,0.1527
34.7999652,21.75,5,810,0.1626,1,0.1036
63.5987052,7.395,3,750,0.1123,1,0.1016
28.2749652,5.916,3,717,0.1543,2,0.158
76.5599652,13.92,3,826,0.1448,1,0.0603
91.35,8.7,3,739,0.2913,1,0.1311
65.6676,3.132,3,690,0.0914,3,0.1324
39.15,8.7,3,717,0.1461,1,0.1531
30.4500348,3.48,3,706,0.1073,1,0.1523
86.9999652,17.4,3,712,0.1736,1,0.1875
147.9000348,17.4,3,734,0.1487,1,0.1311
69.6000348,21.75,3,761,0.1881,1,0.1287
78.3,16.53,5,821,0.0619,2,0.1075
52.2,6.96,3,706,0.2337,2,0.1849
65.25,24.36,3,734,0.057,1,0.1562
63.5099652,8.7,3,772,0.047,1,0.0729
28.9535652,9.744,3,717,0.1807,2,0.1392
43.5000348,5.22,3,734,0.3082,2,0.1212
73.9499652,7.98225,3,712,0.1943,1,0.1367
95.526,8.7,3,744,0.1923,2,0.1099
56.5500348,14.79,3,783,0.236,1,0.0976
78.3,13.05,3,717,0.2725,1,0.1433
78.3,26.1,5,723,0.3056,3,0.2295
43.5000348,4.35,3,766,0.2182,1,0.079
33.0600348,6.63375,3,706,0.1579,2,0.1849
47.8499652,7.41675,3,744,0.2614,3,0.1016
37.845,8.7,3,728,0.13,1,0.1433
43.5000348,9.02625,3,701,0.0499,2,0.1972
54.288,17.4,5,788,0.2402,3,0.1065
80.91,5.22,3,766,0.2013,1,0.079
45.2399652,1.74,3,810,0.2469,1,0.0762
44.37,20.7495,5,728,0.1875,1,0.2148
35.24544,10.44,5,701,0.1623,1,0.1969
36.54,15.225,5,777,0.2303,2,0.1323
28.71,10.005,3,739,0.2825,1,0.1114
20.88,1.74,3,701,0.0255,2,0.16
#VALUE!,4.35,3,848,0.01,1,0.0743
59.1600348,17.4,5,701,0.2442,1,0.2278
43.5000348,8.7,3,717,0.1814,1,0.1399
66.9900348,10.44,3,717,0.2183,2,0.1531
44.37,12.18,3,788,0.2882,1,0.0662
47.8499652,16.878,3,717,0.1615,1,0.1433
32.625,2.871,3,728,0.0547,2,0.1037
78.3,14.3115,3,766,0.0757,2,0.1114
46.1100348,23.055,5,761,0.0367,1,0.1825
60.552,8.7,3,750,0.1341,1,0.1171
65.25,12.615,3,744,0.2778,2,0.1409
30.276,3.48,3,734,0.0197,3,0.1074
130.5,6.96,3,734,0.1329,1,0.1221
26.1,6.96,3,744,0.1712,1,0.1099
20.88,2.175,3,744,0.243,1,0.1037
16.2699048,3.654,3,712,0.0462,2,0.1411
30.45348,7.1775,5,734,0.156,1,0.1596
53.7364548,18.879,3,734,0.1393,1,0.1531
30.69621,8.7,3,799,0.2466,2,0.0603
195.75,4.35,3,788,0.1645,2,0.0749
104.4,11.136,3,717,0.1776,1,0.1465
34.7999652,8.7,3,766,0.093,1,0.1016
91.35,30.45,3,821,0.179,2,0.089
174.0000348,27.84,5,739,0.0814,2,0.2376
54.81,8.7,3,712,0.115,1,0.1496
24.795,6.09,3,788,0.0168,2,0.1
26.1,2.784,3,706,0.0836,3,0.1727
62.64,5.655,3,783,0.3145,2,0.089
73.9499652,17.4,5,761,0.1568,1,0.1433
116.5800348,10.44,3,750,0.097,1,0.1212
41.5546452,10.44,3,695,0.2884,1,0.2049
79.16652,7.308,3,739,0.2485,1,0.1099
18.792,4.785,3,706,0.1933,2,0.1269
31.32,12.267,3,701,0.227,2,0.1855
45.2399652,19.7925,5,706,0.2903,2,0.2247
30.4500348,3.915,3,723,0.0973,2,0.1114
59.1600348,10.44,3,821,0.151,2,0.0762
60.8999652,26.1,5,761,0.0447,1,0.1864
52.2,13.92,5,706,0.2576,1,0.2149
20.0100348,5.4375,3,761,0.0845,1,0.079
46.43712,8.0475,5,695,0.1927,3,0.1879
26.1,8.7,3,728,0.1396,1,0.1268
52.2,8.7,3,712,0.1476,1,0.1409
37.7636724,16.53,5,744,0.2765,1,0.1531
156.6,3.045,3,723,0.1,1,0.1028
10.44,2.61,3,739,0.32,1,0.089
53.5615848,2.175,3,706,0.2358,1,0.1465
38.2800348,3.132,3,701,0.249,1,0.1629
85.2600348,4.35,3,695,0.1436,1,0.1596
78.3,20.88,5,734,0.0363,1,0.1903
34.7999652,11.049,3,744,0.1053,1,0.1114
45.2399652,6.96,3,750,0.0598,3,0.1114
31.32,4.35,5,717,0.0417,2,0.1714
65.25,5.742,3,794,0.1669,2,0.0603
104.4,19.0095,3,728,0.2629,1,0.158
40.0199652,1.044,3,701,0.0999,1,0.158
75.5159652,20.88,3,744,0.1355,1,0.079
43.9349652,6.7425,3,695,0.2728,1,0.1311
108.7500348,26.1,3,832,0.0108,1,0.0751
108.7500348,12.24525,3,739,0.1102,1,0.1629
41.32152,2.175,5,788,0.0215,2,0.1059
60.8999652,10.092,3,777,0.0862,1,0.0699
93.96,18.792,3,761,0.094,1,0.1059
67.86,15.66,5,701,0.1582,1,0.2148
29.232,6.96,3,761,0.0182,1,0.1038
23.49,3.48,3,717,0.1844,2,0.1212
100.9200348,10.44,3,794,0.0143,1,0.0662
31.32,13.05,3,744,0.0973,2,0.1349
46.98,7.482,3,717,0.0909,1,0.1399
56.5500348,13.92,3,777,0.103,1,0.0849
53.9400348,10.44,3,750,0.2032,2,0.1212
60.8999652,2.175,3,701,0.1134,2,0.1727
25.2300348,17.4,3,804,0.1258,2,0.1062
109.9679652,11.31,3,766,0.1172,2,0.1038
65.25,4.35,3,739,0.245,2,0.1016
69.426,17.4,3,755,0.1737,3,0.1114
21.7499652,1.74,3,723,0.1666,1,0.1465
64.3800348,17.4,3,750,0.1555,2,0.1269
39.15,17.4,3,761,0.1032,1,0.1212
108.7500348,30.45,5,761,0.0745,1,0.1649
32.1899652,10.44,3,701,0.0986,1,0.1777
59.8637952,15.66,5,750,0.2293,1,0.1531
80.9969652,6.96,3,701,0.0967,1,0.1372
81.7799652,30.45,5,723,0.2131,2,0.2197
26.6758704,1.827,3,717,0.2577,2,0.1212
21.7499652,10.76625,3,717,0.2242,3,0.1367
60.8999652,6.96,3,706,0.0732,1,0.1727
104.4,8.7,3,695,0.0631,1,0.133
22.6200348,11.31,3,761,0.1546,1,0.1074
78.3,6.525,3,788,0.2091,2,0.1083
217.4999652,10.44,3,734,0.1021,1,0.1409
26.1,12.8325,5,723,0.1732,3,0.1677
39.15,17.4,3,739,0.0957,1,0.1399
48.7200348,9.57,3,712,0.1344,2,0.1367
34.47288,11.31,5,761,0.1808,1,0.1427
52.2,13.05,3,734,0.1936,1,0.1311
73.9499652,6.96,3,766,0.2369,1,0.079
217.4999652,30.45,5,783,0.1202,1,0.1311
34.95312,6.525,3,695,0.1906,1,0.1999
45.2399652,17.4,3,794,0.2095,1,0.079
121.8000348,18.096,3,837,0.2177,1,0.1148
39.15,10.44,3,706,0.0723,1,0.1411
34.7999652,14.33325,5,766,0.1596,1,0.1433
56.5500348,5.22,3,723,0.2134,3,0.1311
53.0699652,13.92,5,750,0.0576,2,0.1629
70.992,8.7,5,739,0.1219,1,0.1864
35.0609652,11.31,3,728,0.1108,2,0.1433
80.91,12.441,3,734,0.2174,3,0.1409
29.9671848,8.7,3,755,0.201,2,0.089
40.8900348,10.44,3,744,0.1698,2,0.1037
44.37,5.22,3,717,0.0993,1,0.1409
56.0975652,17.4,5,734,0.1597,1,0.1751
73.9499652,18.27,5,744,0.1618,1,0.1114
69.6000348,1.914,3,739,0.0327,1,0.1349
52.2,21.75,5,701,0.2362,1,0.2247
31.32,6.873,3,712,0.084,1,0.1367
78.3,8.7,3,826,0.1041,1,0.0542
1072.71,28.71,3,854,0.0026,1,0.0762
78.3,8.7,3,706,0.1219,1,0.1562
65.25,13.05,3,739,0.117,1,0.1171
60.89652,17.4,5,728,0.1591,1,0.183
66.1199652,4.71975,3,772,0.2116,3,0.0849
43.5000348,6.96,3,712,0.2611,2,0.1311
40.0199652,8.7,3,734,0.143,3,0.0999
40.01652,2.61,3,706,0.1077,1,0.1427
200.1000348,27.84,3,744,0.0996,3,0.1727
17.40348,4.35,5,815,0.1152,1,0.0617
82.6500348,30.45,5,717,0.1821,2,0.2128
20.88,7.24275,3,701,0.2075,2,0.1777
47.8499652,7.83,3,706,0.1372,1,0.1777
56.5500348,17.4,5,788,0.1098,1,0.1171
26.2949148,8.4825,3,701,0.1413,3,0.1531
39.15,8.7,3,706,0.1779,1,0.1496
52.2,10.44,3,761,0.1902,2,0.1062
46.98,8.7,3,750,0.084,1,0.1171
42.6299652,13.05,3,728,0.2963,1,0.1311
108.7500348,30.45,3,777,0.1462,1,0.089
86.9999652,12.18,3,772,0.0926,1,0.1025
39.15,4.35,3,701,0.342,1,0.158
40.8900348,17.98725,5,750,0.133,2,0.1727
95.7000348,14.79,3,739,0.1765,1,0.1398
10.44,2.61,3,701,0.193,1,0.1375
39.15,13.05,3,723,0.2269,1,0.1306
33.0600348,13.05,3,761,0.0341,1,0.1212
39.15,17.50875,3,881,0.0429,2,0.0762
57.42,5.22,3,772,0.096,1,0.0788
46.1100348,12.76725,3,734,0.192,1,0.1311
73.9499652,4.35,3,701,0.0491,1,0.1531
52.2,5.22,3,804,0.0388,3,0.0662
46.98,7.83,3,706,0.2406,2,0.1527
82.6500348,21.75,5,799,0.1122,1,0.1036
59.3688348,20.88,5,821,0.1199,2,0.1112
104.4,5.22,3,701,0.1298,3,0.1399
25.2300348,8.004,3,772,0.2152,1,0.0749
41.76,3.48,5,712,0.1915,2,0.1864
35.6700348,10.44,3,723,0.0805,1,0.1311
62.64,8.7,3,717,0.2335,2,0.1991
50.4599652,16.3125,5,712,0.1254,2,0.1825
126.1499652,30.45,3,837,0.207,1,0.079
104.4,30.45,5,744,0.2713,2,0.1727
53.57808,13.05,3,717,0.191,1,0.1521
59.1600348,15.66,5,794,0.1535,1,0.1099
39.15,19.0095,5,772,0.1795,1,0.1399
139.1999652,15.66,5,783,0.2835,2,0.1349
52.2,16.095,3,723,0.0796,1,0.1299
39.1142952,8.7,3,734,0.0598,3,0.1171
20.88,2.088,3,744,0.112,1,0.1074
16.704,1.74,3,788,0.0263,1,0.0617
114.84,30.45,3,744,0.1633,1,0.1849
103.00104,10.44,5,843,0.0975,1,0.089
53.0699652,14.79,3,728,0.1692,1,0.1311
104.4,11.832,3,761,0.1094,1,0.089
57.42,#VALUE!,3,761,0.0218,1,0.1171
18.27,4.35,3,766,0.171,1,0.0762
39.15,6.96,3,766,0.2283,3,0.079
52.2,21.0975,5,723,0.2274,3,0.1862
35.6700348,11.15775,3,706,0.2441,1,0.1777
117.45,26.1,5,706,0.1124,1,0.2433
64.3800348,9.048,3,734,0.0759,1,0.1311
32.1899652,10.701,3,723,0.0801,2,0.1311
39.8460348,8.7,3,750,0.1693,2,0.1212
33.0600348,4.35,3,794,0.2877,2,0.0991
46.1100348,2.61,5,750,0.1963,2,0.1999
59.1600348,13.05,5,755,0.1745,1,0.1299
76.53825,30.45,5,701,0.2422,1,0.2376
56.5500348,8.7,3,750,0.2274,1,0.1074
28.5917148,5.655,5,799,0.0686,3,0.1038
64.3800348,13.05,5,772,0.1638,1,0.1186
52.2,17.4,5,843,0.1236,1,0.0654
30.4500348,1.74,3,706,0.1913,3,0.1311
23.99895,4.35,3,761,0.1644,2,0.079
43.5000348,4.35,3,712,0.2054,2,0.1531
54.3749652,19.575,3,799,0.1993,1,0.079
65.25,5.22,3,826,0.1141,1,0.0603
56.5500348,15.66,5,734,0.2334,1,0.1875
87.8700348,18.27,5,723,0.1624,1,0.1905
57.42,4.611,3,766,0.1282,1,0.079
24.012,5.22,3,761,0.0661,1,0.1038
50.0006052,2.61,3,717,0.1236,2,0.1409
60.8999652,7.83,3,744,0.1867,1,0.0976
50.3208,2.61,3,695,0.2318,2,0.1825
56.5500348,23.055,5,832,0.1719,1,0.0976
43.5000348,6.525,3,695,0.1334,1,0.164
33.07392,3.48,3,755,0.0458,1,0.1016
44.892,8.7,5,723,0.0893,1,0.1799
26.1,1.914,3,712,0.162,1,0.1523
31.7550348,6.09,3,739,0.2232,1,0.1316
52.2,8.7,3,706,0.1332,2,0.158
54.81,21.38025,3,734,0.196,1,0.1629
53.0699652,14.79,3,734,0.1369,2,0.1149
59.1600348,6.264,3,761,0.0798,1,0.079
43.5000348,6.264,3,717,0.2938,1,0.1212
84.3899652,17.4,3,815,0.1227,2,0.0617
54.81,10.44,3,783,0.2166,2,0.0662
57.42,8.352,5,717,0.1027,3,0.1446
34.7999652,10.44,3,701,0.2586,1,0.1531
32.886,12.76725,3,723,0.2692,1,0.1433
69.6000348,14.616,5,712,0.2175,3,0.1433
239.2500348,26.1,3,810,0.0815,2,0.1059
71.3399652,4.35,5,717,0.1038,1,0.1521
22.6200348,3.915,3,843,0.0254,1,0.0849
33.93,3.915,3,766,0.1582,2,0.0654
117.45,17.4,5,706,0.0947,1,0.2391
52.2,2.8275,3,712,0.2144,1,0.1273
134.8500348,13.92,3,837,0.0607,1,0.0603
45.2399652,3.306,3,717,0.0831,1,0.2198
208.8,29.232,5,734,0.1356,1,0.203
39.15,15.66,5,712,0.2925,1,0.2049
53.9400348,7.83,3,712,0.2375,1,0.1505
56.5500348,2.61,3,788,0.0849,2,0.0579
147.9000348,21.75,3,744,0.1836,1,0.1311
34.7999652,8.0475,3,723,0.2946,1,0.1212
30.4500348,10.6575,3,701,0.1721,2,0.1875
73.9499652,13.05,3,761,0.1615,2,0.1065
28.71,9.3525,3,810,0.0604,1,0.089
18.5745348,5.4375,3,761,0.2861,2,0.1311
52.2,6.96,3,734,0.1206,3,0.1409
21.7499652,2.61,3,755,0.0312,1,0.1269
26.1,8.7,3,766,0.1292,1,0.1114
69.6000348,10.614,5,734,0.0912,3,0.2148
28.71,8.352,3,706,0.2069,2,0.1433
26.1,4.872,3,695,0.082,1,0.1292
23.49,11.72325,3,755,0.1946,1,0.1212
56.5500348,21.75,3,723,0.13,1,0.1531
27.144,3.7845,3,826,0.0312,1,0.0599
52.2,6.09,3,695,0.1592,1,0.1849
53.9400348,16.53,3,815,0.0976,3,0.079
52.2069948,22.16325,5,717,0.2198,1,0.1903
47.8499652,1.218,3,739,0.0593,1,0.1269
36.54,3.48,5,744,0.1317,1,0.1171
56.5500348,13.05,3,739,0.1422,1,0.1212
45.8307648,8.352,3,755,0.2362,2,0.1114
34.7999652,8.7,3,712,0.1779,1,0.1409
97.79148,5.22,3,723,0.2247,1,0.1323
60.03,5.22,3,744,0.2059,1,0.1112
130.5,13.05,5,706,0.0806,3,0.1793
34.7999652,3.48,3,739,0.338,1,0.1114
73.6542,27.84,5,766,0.1514,2,0.1629
125.28,21.0975,3,799,0.0479,1,0.1183
104.4,7.83,5,794,0.1387,1,0.1149
28.71,3.654,3,723,0.0749,1,0.1136
26.1,7.83,3,701,0.1436,2,0.1465
34.7999652,9.24375,3,766,0.2235,2,0.079
56.5500348,8.7,3,750,0.1408,2,0.0976
58.71456,6.1335,3,717,0.1405,1,0.1349
41.76,6.3945,3,750,0.2015,2,0.1112
31.32,7.3515,3,772,0.1093,1,0.079
43.70184,10.44,5,723,0.2231,1,0.1483
40.0199652,12.68025,3,695,0.2423,2,0.1905
33.0600348,2.175,3,728,0.156,1,0.1322
16.704,4.176,5,810,0.0788,1,0.0788
78.3,10.44,3,804,0.2257,3,0.0603
117.45,11.832,3,794,0.1731,1,0.0662
69.6000348,9.135,3,750,0.1118,2,0.1212
15.66,4.50225,3,695,0.2293,1,0.1777
61.596,24.534,5,826,0.1035,1,0.1016
26.9699652,2.175,3,755,0.2249,2,0.089
108.65952,12.528,3,750,0.1348,3,0.1199
57.6288,4.35,3,794,0.0918,1,0.0579
31.32,11.9625,3,728,0.2477,1,0.1409
59.5949652,7.83,3,766,0.1451,1,0.0788
52.722,17.4,3,783,0.0289,2,0.1189
31.32,4.35,3,755,0.2147,1,0.089
43.5000348,17.4,5,761,0.312,1,0.1399
77.4212652,13.92,3,701,0.0564,1,0.1799
26.1,8.7435,3,794,0.2072,1,0.0603
41.5859652,7.37325,3,761,0.1588,1,0.0762
35.6700348,#VALUE!,3,712,0.1744,2,0.1433
31.66452,4.35,3,815,0.0292,1,0.0603
65.25,8.7,3,734,0.053,1,0.1311
117.45,8.352,3,766,0.0345,2,0.0762
56.5500348,4.785,3,706,0.2018,1,0.158
58.2265944,20.88,3,728,0.2905,3,0.1629
59.33052,10.44,5,772,0.2076,1,0.1323
37.4099652,14.7465,5,750,0.2662,3,0.1727
53.54676,10.44,3,695,0.1989,1,0.1799
18.27,4.176,3,750,0.2263,1,0.1075
93.96,13.05,3,728,0.1278,1,0.1311
74.8200348,10.44,3,777,0.133,1,0.0751
56.5500348,13.05,3,739,0.0552,1,0.1465
65.25,17.4,5,717,0.1541,2,0.1864
34.7999652,7.395,3,706,0.0756,2,0.1531
36.10152,2.436,3,717,0,2,0.1417
60.8999652,8.352,3,712,0.0221,1,0.1465
139.1999652,10.44,3,701,0.2732,1,0.1875
34.79652,4.176,5,734,0.2238,2,0.1465
36.1049652,8.352,3,761,0.0862,1,0.1074
34.7999652,4.35,3,723,0.1361,1,0.1114
110.4899652,15.66,5,734,0.1737,2,0.1972
69.6000348,13.05,3,744,0.0344,3,0.1349
54.3749652,8.7,3,783,0.1905,1,0.0662
56.5500348,19.14,5,739,0.2132,3,0.158
43.5000348,10.44,3,701,0.1462,2,0.1922
43.5000348,12.59325,3,717,0.2369,1,0.1527
62.64,4.35,3,695,0.2257,2,0.1393
47.8499652,0.87,3,799,0.1069,1,0.0859
71.7010848,15.66,5,728,0.2136,1,0.1922
56.5500348,17.4,3,766,0.0958,3,0.1171
37.4099652,3.306,3,783,0.0318,1,0.0699
191.3999652,30.45,3,821,0.0159,1,0.079
73.9499652,20.01,3,734,0.1602,1,0.1581
24.012,6.09,3,810,0.2096,1,0.079
62.64,21.75,5,701,0.1912,1,0.2077
83.52,21.75,5,712,0.185,1,0.2053
69.6000348,17.226,3,772,0.2009,2,0.1323
33.6714012,16.89975,5,788,0.1845,1,0.1242
182.7,13.92,5,739,0.0521,1,0.1558
13.05,3.915,3,712,0.1432,2,0.1212
74.8200348,8.7,3,723,0.058,2,0.1777
79.1699652,6.09,3,794,0.0636,2,0.08
34.7999652,6.09,3,739,0.0738,1,0.1065
52.2,2.61,3,701,0.242,1,0.1459
19.0008,6.525,5,761,0.2363,1,0.1111
117.45,13.92,5,712,0.1574,1,0.1531
21.7499652,2.436,3,734,0.12,1,0.1016
32.364,12.789,3,739,0.2194,2,0.1229
91.35,13.05,3,744,0.1378,2,0.1253
65.25,18.009,5,761,0.3295,1,0.1629
74.8330848,1.914,3,766,0.0102,1,0.1171
20.88,1.5225,3,777,0.2335,2,0.0788
56.5500348,6.264,3,744,0.2482,1,0.079
60.8999652,8.7,3,739,0.0823,1,0.1099
112.8894948,24.36,5,723,0.0456,2,0.1942
43.50348,4.35,5,766,0.1485,1,0.1199
34.7999652,15.20325,3,772,0.1776,1,0.0991
56.5500348,13.92,3,728,0.0947,1,0.1459
39.15,13.46325,3,723,0.2698,2,0.1409
48.31632,19.0095,5,755,0.3213,1,0.1629
41.76,20.445,3,723,0.1948,1,0.1465
33.0600348,4.872,3,772,0.2021,1,0.0791
53.9400348,5.22,3,750,0.1588,1,0.1016
100.0499652,9.396,3,712,0.0789,1,0.1465
37.4099652,4.785,3,734,0.1794,1,0.1189
43.50348,17.4,5,788,0.2133,2,0.1399
59.1600348,6.96,3,772,0.0286,2,0.0749
9.238356,0.87,3,701,0.1978,1,0.2295
59.1600348,3.132,3,777,0.0141,1,0.0774
67.86,20.88,5,723,0.2369,3,0.21
31.32,10.44,5,695,0.1173,1,0.1991
54.81,9.6135,3,712,0.1547,1,0.1474
108.576,17.4,3,777,0.1032,3,0.079
52.2,5.02425,3,706,0.0408,2,0.1531
46.98,9.02625,3,788,0.2764,2,0.079
45.2399652,3.045,3,766,0.2093,1,0.0762
45.2399652,2.175,3,761,0.1008,1,0.1114
20.2536,5.394,3,701,0.2052,1,0.1531
80.0400348,25.23,3,734,0.157,1,0.1777
43.5000348,6.003,3,723,0.1778,3,0.1409
61.4219652,6.4815,3,750,0.033,1,0.1306
195.75,21.0975,3,766,0.127,1,0.1253
60.8999652,6.96,3,766,0.0528,2,0.1727
80.91,17.4,3,695,0.2747,1,0.2149
34.7999652,12.528,3,739,0.2052,1,0.1311
41.76,17.1825,5,706,0.1485,3,0.2077
34.7999652,13.485,3,712,0.276,2,0.1777
43.49565,6.438,3,712,0.2052,1,0.1399
30.9511548,16.53,3,744,0.135,1,0.1372
96.9701652,4.35,3,744,0.1012,1,0.1171
53.9400348,4.35,3,794,0.144,2,0.0774
52.2,10.44,5,717,0.0974,1,0.1632
37.4099652,2.436,3,761,0.1716,1,0.079
60.8999652,26.97,5,744,0.1148,1,0.21
121.8000348,20.88,5,695,0.2507,3,0.2363
130.5,10.44,3,744,0.041,1,0.0991
43.5000348,15.225,5,723,0.0178,1,0.21
54.81,6.96,3,701,0.0975,1,0.1629
67.86,4.002,3,739,0.0914,2,0.0766
30.73536,6.264,5,755,0.1678,1,0.1149
80.0400348,10.44,3,723,0.2048,1,0.1212
69.6000348,26.1,5,761,0.212,1,0.1629
22.6200348,1.044,3,701,0.2714,2,0.158
85.2042852,17.4,3,761,0.2161,2,0.0662
26.1,8.7,3,739,0.1788,1,0.1074
46.98,13.05,5,772,0.158,1,0.1269
58.0768848,15.66,5,695,0.1717,2,0.2247
35.6700348,13.92,5,717,0.2128,2,0.1922
75.5743248,17.4,3,761,0.0394,1,0.1311
27.405,5.22,3,755,0.075,1,0.0999
53.9400348,8.352,3,695,0.1469,2,0.1839
75.8640348,8.7435,3,712,0.0797,1,0.1433
38.628,3.48,5,717,0.0903,2,0.1922
52.2,11.136,3,728,0.101,2,0.1212
104.4,6.09,3,794,0.0803,3,0.0662
36.1049652,2.61,3,761,0.1758,2,0.079
36.54,8.7,3,695,0.2891,1,0.1727
56.8458,10.44,5,706,0.0694,2,0.1749
50.4599652,22.446,3,755,0.1899,3,0.1311
21.924,5.22,3,755,0.1886,1,0.079
50.634,15.85575,3,739,0.2087,2,0.1212
171.3900348,18.27,5,739,0.2173,2,0.1849
41.76,17.4,5,739,0.0683,1,0.1689
34.7999652,15.66,3,701,0.1929,1,0.1212
130.5,10.44,3,772,0.1086,1,0.0662
27.8400348,3.915,3,837,0.1474,3,0.0676
33.93,1.93575,3,706,0.2409,#VALUE!,0.1465
56.9849652,17.4,3,744,0.0907,1,0.1322
40.01652,6.09,3,684,0.1891,2,0.1513
32.625,8.7,3,832,0.1373,2,0.0894
20.88,2.61,3,744,0.1555,3,0.1074
26.1,8.7,3,826,0.2792,1,0.0699
139.1999652,30.45,3,728,0.118,1,0.1758
33.93,4.35,3,701,0.1729,1,0.1298
82.6500348,18.27,3,744,0.0808,1,0.1367
109.62,15.66,3,772,0.1279,1,0.089
130.5,17.4,5,701,0.0163,1,0.2278
108.7500348,3.654,3,777,0.0675,1,0.0762
41.76,12.24525,3,717,0.257,2,0.1531
47.8499652,12.528,3,723,0.2304,2,0.1418
30.4500348,10.44,3,706,0.0507,2,0.1629
40.0199652,7.656,3,734,0.0957,1,0.1427
34.7999652,4.35,3,734,0.1779,3,0.0976
73.9499652,6.525,3,848,0.0751,1,0.1099
57.42,6.264,5,695,0.02,1,0.1991
86.9999652,26.1,3,717,0.1542,1,0.1531
43.5000348,4.35,3,799,0.114,2,0.0714
91.7850348,26.1,3,695,0.179,1,0.2278
108.7500348,17.4,3,761,0.1495,1,0.1171
28.188,2.088,3,728,0.17,1,0.1677
83.52,26.1,3,755,0.2221,3,0.1016
80.3366352,20.88,5,854,0.1741,2,0.0962
261,15.225,3,772,0.1094,3,0.089
21.7499652,7.3515,3,695,0.2198,1,0.1849
73.9499652,10.44,3,701,#VALUE!,1,0.1629
32.18652,4.35,5,750,0.1129,2,0.1399
15.66,3.132,3,755,0.1907,2,0.0691
31.32,13.81125,5,761,0.221,1,0.1528
19.1399652,2.0445,3,766,0.1118,1,0.1409
47.8499652,17.4,3,761,0.152,1,0.1171
46.00908,13.05,5,761,0.0808,2,0.1491
36.54,6.96,3,766,0.1254,1,0.079
78.3,21.75,3,810,0.0173,2,0.079
100.0499652,13.05,3,777,0.1359,1,0.089
48.8939652,1.218,3,772,0.2714,1,0.0976
26.1,8.6565,3,744,0.2421,2,0.1311
43.5000348,2.61,3,750,0.0475,1,0.0991
34.7999652,9.048,3,728,0.1892,1,0.1212
47.8499652,12.6585,3,723,0.2134,1,0.1311
40.8900348,6.09,3,734,0.3179,2,0.1212
139.1999652,30.45,5,728,0.2238,1,0.1972
121.8000348,3.24075,3,734,0.1857,1,0.1059
26.9699652,3.393,3,723,0.0755,3,0.1212
78.3,15.66,5,728,0.0628,2,0.1905
39.15,6.525,3,723,0.1141,2,0.1103
91.35,3.132,3,706,0.1345,1,0.1677
6.9600348,4.698,3,804,0.03,1,0.0775
39.15,3.48,3,701,0.1629,1,0.1727
46.98,17.4,5,777,0.1796,3,0.1269
39.15,3.54525,3,815,0.2341,2,0.0542
31.7550348,3.654,3,859,0.1016,2,0.089
112.0995,20.88,3,695,0.2946,3,0.2489
143.55,8.7,3,821,0.0501,2,0.0603
53.0699652,5.22,3,706,0.1572,3,0.1409
43.6739652,5.22,3,701,0.2096,1,0.1629
89.6099652,3.48,3,712,0.1227,1,0.1409
57.42,13.92,5,717,0.1666,2,0.1645
56.5500348,8.7,3,712,0.2034,2,0.1311
40.0199652,1.044,3,772,0.0869,1,0.0762
65.25,18.27,3,772,0.1408,1,0.1
56.5500348,4.35,3,804,0.1569,1,0.0579
43.50348,2.61,3,810,0.0372,1,0.0859
43.5000348,10.44,3,804,0.2006,1,0.1433
104.4,10.44,3,744,0.1278,2,0.079
32.1899652,15.85575,3,712,0.2335,2,0.1799
47.8499652,6.09,3,777,0.1715,1,0.0692
93.96,21.75,3,744,0.1459,1,0.1427
97.4399652,15.66,3,712,0.2056,1,0.1849
47.8499652,5.22,3,701,0.1957,3,0.1523
52.2,#VALUE!,3,755,0.071,1,0.0691
52.2,20.88,5,744,0.0896,2,0.1749
21.7499652,7.308,3,761,0.0782,2,0.1074
67.86,21.94575,3,755,0.3077,1,0.1212
53.9400348,5.568,3,750,0.0811,1,0.1008
35.6700348,8.7,3,723,0.1642,1,0.1496
93.09348,21.75,5,772,0.1797,3,0.1523
84.3899652,30.45,5,766,0.2769,2,0.1825
33.93,2.436,3,739,0.2776,2,0.089
192.96252,20.88,3,706,0.127,1,0.1715
47.8499652,20.88,5,701,0.2077,2,0.242
20.4449652,13.05,5,788,0.1195,2,0.0999
69.6000348,13.92,3,766,0.1786,1,0.1112
11.3099652,5.28525,3,761,0.2825,2,0.0762
35.67348,3.48,3,837,0.1074,1,0.0768
22.6200348,3.915,3,739,0.1818,3,0.089
62.64,12.18,3,810,0.1953,2,0.0603
60.03,11.5275,3,794,0.2864,1,0.0662
52.2,8.7,3,723,0.184,1,0.1212
34.7999652,3.132,3,734,0.2716,1,0.1212
75.5508348,13.05,5,794,0.0267,1,0.1409
43.5000348,8.7,3,734,0.0588,1,0.1349
63.4143348,14.268,3,717,0.1743,2,0.1379
86.9999652,15.66,3,728,0.0624,1,0.1348
54.81,17.4,3,728,0.2735,1,0.1531
34.7999652,7.308,3,706,0.1161,1,0.1433
26.1,6.264,3,706,0.2048,1,0.1727
78.3,13.05,3,783,0.0856,2,0.089
49.068,6.09,3,739,0.1579,1,0.089
21.924,5.22,3,755,0.1933,1,0.0749
108.7500348,30.45,5,723,0.1254,1,0.2049
43.5000348,12.006,5,750,0.0168,1,0.1749
39.15,5.22,3,755,0.2075,1,0.079
34.7999652,1.914,3,674,0.1035,1,0.1387
75.65868,3.045,3,750,0.2204,2,0.079
45.2399652,6.09,3,712,0.303,1,0.1777
59.1600348,21.75,5,739,0.0131,2,0.1972
62.64,28.1445,3,695,0.2014,2,0.1849
52.2,6.264,3,766,0.146,1,0.1349
137.4600348,10.44,3,717,0.0646,1,0.1311
13.3632,3.98025,3,728,0.2133,1,0.1114
49.59,11.136,3,734,0.2153,1,0.1212
58.2552,20.358,3,783,0.1566,1,0.0749
126.1499652,30.45,3,815,0.2027,2,0.079
39.15,7.83,3,712,0.1069,2,0.1581
31.32,3.654,3,734,0.1153,1,0.1059
37.4099652,10.44,5,799,0.043,1,0.1199
65.4240348,17.4,5,695,0.1875,2,0.2376
70.47,18.27,5,728,0.2031,1,0.1879
47.8499652,10.44,3,701,0.1486,1,0.1727
23.49,8.7,3,717,0.164,1,0.1409
77.256,16.008,5,744,0.2253,2,0.1942
65.25,2.175,3,717,0.0998,3,0.1199
66.816,5.655,3,772,0.2284,1,0.0579
78.3,4.785,3,695,0.0233,1,0.1905
52.2,6.09,3,734,0.0664,1,0.1253
53.9400348,7.83,3,712,0.2522,1,0.1727
43.5000348,19.0095,5,750,0.2194,2,0.1727
48.7200348,0.87,3,706,0.2136,1,0.1149
69.6000348,20.88,3,723,0.1529,1,0.1465
59.1600348,11.72325,3,744,0.2827,1,0.1212
34.7999652,6.09,3,701,0.3225,1,0.1777
38.2800348,3.306,3,706,0.2258,1,0.1465
69.6000348,3.15375,3,761,0.2175,1,0.1629
95.7000348,26.1,3,723,0.1477,2,0.1905
43.5000348,6.09,3,712,0.2167,1,0.1411
90.4800348,4.35,3,750,0.0728,1,0.079
28.8840348,1.74,3,706,0.2143,2,0.1531
44.37,15.66,3,799,0.0852,1,0.0749
65.25,13.55025,3,750,0.18,1,0.1367
60.8999652,19.0095,5,712,0.2695,1,0.2328
78.3,20.88,3,706,0.1586,1,0.1433
29.8584,1.653,3,706,0.2329,3,0.1284
69.6000348,8.7,3,734,0.1117,1,0.089
59.1600348,10.44,3,695,0.2876,2,0.1629
46.1100348,10.76625,3,712,0.2495,2,0.1349
34.7999652,3.48,3,744,0.2595,2,0.1212
21.7499652,6.96,3,706,0.2856,2,0.1777
40.8900348,4.785,3,794,0.1986,2,0.0714
60.8999652,10.44,3,717,0.2181,1,0.1756
95.7000348,10.44,5,750,0.1667,1,0.1299
54.81,15.66,3,706,0.1762,1,0.1629
52.2,1.305,3,728,0.206,2,0.1299
32.1899652,14.79,3,777,0.2741,1,0.079
76.212,6.96,3,843,0,1,0.079
40.8900348,10.44,3,728,0.1832,2,0.1311
47.8499652,6.0465,3,723,0.2071,1,0.1074
95.7000348,13.05,3,739,0.1615,1,0.1433
17.4000348,4.35,3,794,0.114,1,0.0751
31.32,7.83,3,739,0.2153,2,0.1065
41.14404,16.1385,3,750,0.1137,1,0.1212
47.8499652,8.7,3,744,0.0683,1,0.0976
95.7000348,30.45,5,728,0.134,1,0.1905
52.2,13.05,3,739,0.1857,1,0.1016
40.0199652,11.484,3,734,0.2875,1,0.1433
65.25,26.1,5,739,0.2003,1,0.1974
108.7500348,12.18,3,772,0.0812,1,0.1311
63.945,17.4,5,799,0.0307,2,0.1074
29.1450348,8.7,3,750,0.1204,1,0.1465
39.15,8.7,3,761,0.2602,1,0.1074
39.8836188,9.57,3,723,0.078,1,0.1171
34.7999652,11.5275,3,739,0.2496,1,0.1065
41.76,10.44,5,723,0.1863,1,0.1649
29.5799652,8.7,3,750,0.1256,1,0.1065
43.5000348,1.74,3,706,0.3058,2,0.1629
34.7999652,9.744,5,761,0.1173,1,0.1311
25.3692,6.96,3,810,0.044,1,0.0751
261,21.75,3,766,0.1178,1,0.1149
56.5500348,2.175,3,717,0.0624,1,0.1349
35.026722,6.3945,3,734,0.1985,1,0.1212
52.2,16.356,5,761,0.3096,2,0.1433
60.8999652,15.66,3,761,0.0789,1,0.1442
36.54,14.268,5,766,0.236,1,0.1399
37.4099652,16.37775,5,728,0.3315,2,0.1727
35.6700348,10.875,3,728,0.2776,1,0.1311
30.4500348,2.61,3,695,0.1607,1,0.1849
47.8499652,22.59825,5,777,0.1551,1,0.1311
67.4249652,8.7,3,706,0.0862,1,0.1399
123.5399652,5.22,3,695,0.0626,1,0.1531
93.96,26.1,3,695,0.0725,1,0.1531
53.9400348,15.66,3,723,0.2385,1,0.1446
69.6000348,8.7,3,728,0.142,1,0.1347
23.49,1.80525,3,739,0.22,2,0.1016
56.9849652,21.75,5,777,0.2118,1,0.158
27.44676,8.7,3,723,0.1073,2,0.1399
147.9000348,30.45,5,728,0.1932,3,0.2197
143.55,30.45,3,777,0.2112,2,0.1905
24.3599652,5.22,3,750,0.0656,2,0.1016
47.8499652,12.18,3,794,0.1684,2,0.0999
73.9499652,17.4,3,772,0.1101,2,0.089
45.936,19.0095,5,717,0.2032,2,0.1879
69.60348,9.57,3,728,0.0162,1,0.1253
79.1699652,1.74,3,706,0.2513,1,0.1399
34.7999652,2.871,3,804,0.2004,1,0.0699
73.9499652,4.35,3,739,0.1848,2,0.1158
68.2950348,18.096,5,772,0.0708,1,0.1269
58.2899652,6.96,3,826,0.2962,2,0.079
91.35,5.22,5,723,0.112,1,0.1727
26.1,2.871,3,783,0.1104,2,0.0599
91.35,4.35,3,695,0.1606,2,0.1629
27.8400348,8.4825,3,695,0.1159,1,0.1849
60.8999652,12.18,5,832,0.0869,1,0.1037
69.6000348,15.66,3,744,0.1008,1,0.1212
86.9999652,8.7,3,717,0.1668,2,0.1465
24.3599652,3.48,3,723,0.234,2,0.1065
63.0750348,19.14,3,766,0.1937,2,0.0888
82.6500348,18.27,3,734,0.1844,2,0.1311
32.625,4.35,3,772,0.0662,2,0.1149
60.8999652,20.7495,5,723,0.2881,2,0.21
82.6500348,6.96,3,723,0.0767,2,0.1269
82.6500348,18.444,3,761,0.2523,1,0.0991
41.76,6.525,3,723,0.0492,1,0.1704
62.64,3.915,3,695,0.1735,1,0.1459
69.6000348,4.35,3,772,0.1285,1,0.079
58.464,10.44,5,695,0.1211,1,0.1825
32.5083852,8.7,3,728,0.1349,1,0.1212
100.0499652,7.83,3,864,0.0558,1,0.0603
11.745,6.96,3,788,0.0124,1,0.1218
53.9400348,1.305,3,755,0.1674,2,0.0691
63.5737536,3.654,3,794,0.081,2,0.0579
43.5000348,6.09,3,712,0.1615,1,0.1849
58.2899652,9.1785,3,723,0.1875,1,0.1212
43.5000348,17.4,3,739,0.1635,1,0.1212
75.69,21.75,5,783,0.2815,1,0.1311
41.76,10.44,5,843,0.1938,3,0.0888
62.64,4.35,3,826,0.1422,1,0.074
97.4399652,13.92,3,712,0.2351,2,0.157
60.8999652,4.176,3,717,0.0739,2,0.1399
45.2399652,14.79,3,744,0.1572,2,0.1298
50.17464,24.36,5,843,0,2,0.1311
86.9999652,20.88,5,728,0.0348,2,0.1999
57.42,13.05,3,739,0.1638,2,0.1433
55.6799652,17.4,3,695,0.2083,1,0.1671
133.11,13.92,3,854,0.092,1,0.0603
72.2100348,5.22,3,695,0.0638,2,0.1596
49.59,8.352,3,723,0.2535,2,0.1212
99.38619,15.225,3,734,0.093,1,0.1472
31.32,6.37275,5,717,0.2037,1,0.178
26.1,8.7,3,701,0.226,2,0.1777
12.528,1.63125,3,712,0.1883,1,0.1349
27.8400348,6.96,3,739,0.2393,3,0.1114
41.76,16.63875,3,766,0.2558,1,0.1016
17.4000348,1.044,3,750,0.1788,2,0.0749
41.76,3.48,3,701,0.2238,1,0.1465
27.8400348,1.392,3,695,0.078,2,0.1629
82.6500348,12.18,3,728,0.1344,1,0.1016
60.8999652,7.83,3,712,0.1874,1,0.1427
76.5599652,8.439,3,701,0.0952,1,0.1409
26.1,9.135,3,706,0.278,1,0.1433
72.3296772,26.1,5,695,0.1425,2,0.2376
56.18808,10.41825,5,734,0.1981,2,0.1521
30.9459348,6.96,3,712,0.2463,1,0.1442
56.5500348,21.75,5,772,0.2199,1,0.1565
30.4500348,6.525,3,799,0.0861,3,0.0714
34.191,6.09,3,750,0.2269,1,0.0962
130.5,26.1,5,734,0.1046,2,0.2025
65.25,10.44,3,783,0.2715,2,0.0729
70.47,9.744,5,712,0.1647,2,0.152
55.5060348,4.35,3,734,0.2133,2,0.0999
21.7499652,8.7,3,723,0.1022,2,0.1059
60.8999652,11.50575,3,717,0.2707,1,0.1531
56.5500348,8.7,3,679,0.0637,1,0.147
31.32,10.44,3,794,0.15,1,0.0963
60.03,13.92,3,766,0.1485,1,0.089
73.9499652,26.1,5,712,0.121,1,0.2328
40.194,3.654,5,739,0.1416,1,0.1433
69.6000348,17.226,5,712,0.1503,1,0.1531
94.5011052,15.66,5,706,0.1163,1,0.2099
86.9999652,6.5685,3,750,0.0383,1,0.1016
